time,latitude,longitude,depth,mag,magType,nst,gap,dmin,rms,net,id,updated,place,type,horizontalError,depthError,magError,magNst,status,locationSource,magSource
2022-05-18T11:27:07.551Z,-17.9676,-69.8301,138.56,4.7,mb,,80,0.477,0.82,us,us6000hlz1,2022-05-18T11:58:31.900Z,"25 km SSE of Palca, Peru",earthquake,5.2,4.9,0.084,47,reviewed,us,us
2022-05-18T10:52:01.141Z,-6.0616,150.8764,36.93,4.7,mb,,130,2.257,0.49,us,us6000hlyx,2022-05-18T11:21:38.040Z,"99 km SE of Kimbe, Papua New Guinea",earthquake,13.3,7.5,0.085,46,reviewed,us,us
2022-05-18T07:46:57.869Z,36.9558,71.1695,99.63,4.7,mb,,74,2.412,1.27,us,us6000hly9,2022-05-18T08:15:01.040Z,"31 km ENE of Jurm, Afghanistan",earthquake,7.6,7,0.052,111,reviewed,us,us
2022-05-18T06:27:55.176Z,51.1188,178.7361,17.58,5.8,mww,,95,0.44,1.1,us,us6000hlxv,2022-05-18T18:24:12.684Z,"Rat Islands, Aleutian Islands, Alaska",earthquake,4.3,3.1,0.06,27,reviewed,us,us
2022-05-18T04:29:27.034Z,11.919,143.3108,10,5,mb,,144,2.25,0.71,us,us6000hlxk,2022-05-18T16:39:30.933Z,"209 km SW of Merizo Village, Guam",earthquake,11.3,1.6,0.041,192,reviewed,us,us
2022-05-18T03:52:25.208Z,33.3383,141.3833,12.97,5.6,mww,,67,1.334,0.81,us,us6000hlxg,2022-05-18T05:58:44.693Z,"223 km SSE of Katsuura, Japan",earthquake,7.8,3.9,0.06,27,reviewed,us,us
2022-05-18T03:25:43.869Z,11.8371,143.3918,10,5.4,mww,,55,2.26,1.02,us,us6000hlxe,2022-05-18T15:35:57.676Z,"210 km SW of Merizo Village, Guam",earthquake,8.6,1.9,0.098,10,reviewed,us,us
2022-05-18T01:38:36.406Z,12.3941,123.5664,10,4.6,mb,,109,13.372,0.62,us,us6000hlx9,2022-05-18T02:34:51.040Z,"1 km S of Bulo, Philippines",earthquake,11.6,1.9,0.062,77,reviewed,us,us
2022-05-17T21:26:20.037Z,-8.5107,128.2466,10,5,mb,,61,4.119,1.1,us,us6000hlvk,2022-05-17T22:15:02.040Z,"137 km E of Lospalos, Timor Leste",earthquake,4.7,1.8,0.061,86,reviewed,us,us
2022-05-17T21:17:18.626Z,41.0054,143.061,27.59,5.2,mww,,62,1.011,0.7,us,us6000hlvf,2022-05-17T22:06:12.965Z,"143 km ENE of Hachinohe, Japan",earthquake,7.1,3.9,0.089,12,reviewed,us,us
2022-05-17T20:21:41.762Z,-57.7221,-25.6775,60.28,4.6,mb,,69,6.971,0.53,us,us6000hlv6,2022-05-17T21:08:42.040Z,"South Sandwich Islands region",earthquake,10.8,7.6,0.103,34,reviewed,us,us
2022-05-17T15:34:06.984Z,29.5673,130.6862,10,4.9,mb,,95,1.946,0.67,us,us6000hltq,2022-05-17T16:06:22.040Z,"75 km S of Koshima, Japan",earthquake,6.6,1.8,0.048,140,reviewed,us,us
2022-05-17T14:05:50.008Z,31.6176,50.2795,10,4.9,mb,,60,5.667,0.75,us,us6000hlsd,2022-05-17T16:56:55.902Z,"74 km ENE of Rāmhormoz, Iran",earthquake,8.4,1.9,0.051,122,reviewed,us,us
2022-05-17T13:46:30.139Z,34.7864,139.6559,144.07,4.5,mb,,100,1.217,0.5,us,us6000hls5,2022-05-18T08:14:37.987Z,"29 km SW of Tateyama, Japan",earthquake,5.9,6.5,0.093,37,reviewed,us,us
2022-05-17T13:17:51.871Z,33.3876,141.5066,11.38,5.5,mww,,83,1.444,0.32,us,us6000hlry,2022-05-18T13:24:14.101Z,"223 km SSE of Katsuura, Japan",earthquake,7.8,3.6,0.049,40,reviewed,us,us
2022-05-17T12:41:06.848Z,-8.4703,128.3348,10,4.9,mb,,69,4.214,0.66,us,us6000hlrp,2022-05-17T13:03:38.040Z,"147 km E of Lospalos, Timor Leste",earthquake,7.3,1.9,0.067,69,reviewed,us,us
2022-05-17T10:21:56.510Z,-5.9239,150.0901,57.69,4.8,mb,,45,2.688,0.48,us,us6000hlr6,2022-05-17T11:42:05.599Z,"41 km S of Kimbe, Papua New Guinea",earthquake,8.7,6.1,0.073,59,reviewed,us,us
2022-05-17T08:42:20.036Z,19.1963,121.0817,4.69,5.2,mww,,89,3.603,1.45,us,us6000hlqw,2022-05-17T15:52:45.841Z,"65 km N of Claveria, Philippines",earthquake,8.4,3.4,0.065,23,reviewed,us,us
2022-05-17T07:19:59.233Z,33.3276,141.3786,10,5.3,mww,,93,1.328,1.07,us,us6000hlqp,2022-05-17T15:35:16.040Z,"224 km SSE of Katsuura, Japan",earthquake,6,1.8,0.08,15,reviewed,us,us
2022-05-17T07:19:33.835Z,-36.8148,-71.5353,10,4.6,mb,,103,0.259,1.21,us,us6000hlqm,2022-05-17T07:54:09.040Z,"33 km SE of Coihueco, Chile",earthquake,4.4,1.8,0.132,17,reviewed,us,us
2022-05-17T07:11:30.693Z,-3.5657,140.2848,108.16,4.6,mb,,131,8.048,0.99,us,us6000hlql,2022-05-17T07:26:46.040Z,"113 km SSW of Abepura, Indonesia",earthquake,11.4,7.4,0.091,36,reviewed,us,us
2022-05-17T06:04:53.396Z,33.4051,141.6684,10,5.6,mww,,62,1.58,0.9,us,us6000hlq7,2022-05-18T06:11:17.154Z,"229 km SSE of Katsuura, Japan",earthquake,7.4,1.8,0.062,25,reviewed,us,us
2022-05-17T03:56:20.448Z,-5.6062,-11.508,10,5,mb,,50,3.655,0.44,us,us6000hlpi,2022-05-17T23:05:47.040Z,"Ascension Island region",earthquake,9.3,1.9,0.069,66,reviewed,us,us
2022-05-17T01:44:22.525Z,-56.4686,177.7293,10,5.5,mww,,50,12.224,0.78,us,us6000hlnb,2022-05-18T01:47:57.636Z,"south of New Zealand",earthquake,7.4,1.8,0.066,22,reviewed,us,us
2022-05-16T22:50:52.881Z,11.8857,142.1564,35,4.5,mb,,81,16.711,0.87,us,us6000hlmy,2022-05-16T23:44:21.040Z,"294 km NE of Fais, Micronesia",earthquake,7.7,1.9,0.091,36,reviewed,us,us
2022-05-16T22:31:09.483Z,-59.5723,-26.423,85.04,4.9,mb,,82,7.638,0.64,us,us6000hlmp,2022-05-16T23:11:15.040Z,"South Sandwich Islands region",earthquake,13,4.8,0.079,50,reviewed,us,us
2022-05-16T21:05:30.240Z,72.4388,2.8316,10,4.6,mb,,86,6.692,0.68,us,us6000hlm0,2022-05-16T21:31:58.040Z,"Norwegian Sea",earthquake,8.3,1.9,0.048,127,reviewed,us,us
2022-05-16T19:39:12.096Z,-6.8385,147.4416,76.74,4.5,mb,,83,5.385,1.23,us,us6000hll0,2022-05-16T20:45:36.040Z,"50 km ESE of Lae, Papua New Guinea",earthquake,10.5,7.7,0.066,67,reviewed,us,us
2022-05-16T18:58:24.905Z,-5.2531,102.0067,22.04,5.8,mww,,39,1.296,0.92,us,us6000hljt,2022-05-17T20:09:21.040Z,"163 km S of Bengkulu, Indonesia",earthquake,7.4,3.5,0.06,27,reviewed,us,us
2022-05-16T13:33:44.001Z,-17.9046,-73.1608,10,4.6,mb,,152,2.72,0.51,us,us6000hlgl,2022-05-16T14:42:47.040Z,"149 km SSW of Camaná, Peru",earthquake,10.1,1.9,0.165,11,reviewed,us,us
2022-05-16T13:28:01.923Z,-4.1032,141.9921,85.03,4.6,mb,,112,9.795,0.48,us,us6000hlgk,2022-05-16T13:53:26.040Z,"92 km W of Ambunti, Papua New Guinea",earthquake,9.9,4.3,0.094,35,reviewed,us,us
2022-05-16T11:43:26.190Z,-0.7444,133.2796,35.29,4.9,mb,,117,2.393,0.44,us,us6000hlg1,2022-05-16T12:01:12.040Z,"Near the north coast of Papua, Indonesia",earthquake,5.6,6.8,0.071,62,reviewed,us,us
2022-05-16T11:22:59.226Z,-7.4553,128.6101,117.62,4.5,mb,,62,2.715,0.76,us,us6000hlfv,2022-05-16T12:04:22.040Z,"213 km ENE of Lospalos, Timor Leste",earthquake,6.7,5.1,0.131,17,reviewed,us,us
2022-05-16T10:13:47.753Z,0.5705,122.184,92.53,4.8,mb,,63,1.501,1.1,us,us6000hlfk,2022-05-16T10:29:49.040Z,"97 km W of Gorontalo, Indonesia",earthquake,7,7.4,0.083,45,reviewed,us,us
2022-05-16T06:40:54.720Z,11.2611,-87.0141,35,4.6,mb,,181,1.158,0.55,us,us6000hlet,2022-05-16T10:05:23.040Z,"79 km SW of Masachapa, Nicaragua",earthquake,6.7,2,0.033,270,reviewed,us,us
2022-05-16T05:25:53.904Z,50.6344,156.238,85.91,5.4,mww,,27,2.637,0.8,us,us6000hlee,2022-05-17T13:18:44.582Z,"9 km ESE of Severo-Kuril’sk, Russia",earthquake,6.5,3.5,0.049,40,reviewed,us,us
2022-05-15T13:00:46.322Z,-23.5215,-66.8258,206.66,4.5,mb,,125,1.367,0.59,us,us6000hlau,2022-05-15T14:00:26.040Z,"92 km NNW of San Antonio de los Cobres, Argentina",earthquake,10.2,8.2,0.057,94,reviewed,us,us
2022-05-15T11:09:53.002Z,11.8795,142.2766,19.49,5.5,mww,,32,3.046,0.59,us,us6000hlak,2022-05-18T11:20:05.505Z,"south of the Mariana Islands",earthquake,8.9,4,0.073,18,reviewed,us,us
2022-05-15T09:22:44.420Z,-28.6884,-176.5663,10,4.9,mb,,70,1.316,0.45,us,us6000hla3,2022-05-15T09:52:38.040Z,"Kermadec Islands region",earthquake,11.1,1.9,0.046,147,reviewed,us,us
2022-05-15T04:29:00.118Z,-34.9799,-74.4756,10,4.6,mwr,,109,2.049,1.02,us,us6000hl8x,2022-05-15T05:36:41.860Z,"192 km WNW of Constitución, Chile",earthquake,6.5,1.9,,,reviewed,us,guc
2022-05-15T00:36:52.892Z,-6.1218,142.5781,10,4.6,mb,,85,9.737,0.8,us,us6000hl80,2022-05-16T08:51:24.928Z,"51 km SW of Tari, Papua New Guinea",earthquake,8,1.5,0.081,46,reviewed,us,us
2022-05-14T22:28:34.465Z,43.8837,147.733,35,5.1,mb,,115,3.716,0.75,us,us6000hl71,2022-05-14T22:47:05.040Z,"81 km E of Shikotan, Russia",earthquake,9,2,0.038,228,reviewed,us,us
2022-05-14T22:27:28.605Z,-8.52,-71.5215,580.36,4.6,mb,,68,1.41,0.81,us,us6000hl70,2022-05-14T22:41:47.040Z,"92 km WSW of Tarauacá, Brazil",earthquake,11.3,9.1,0.025,459,reviewed,us,us
2022-05-14T20:13:36.292Z,-40.9147,174.75,49.23,4.5,mb,,45,0.395,0.73,us,us6000hl6j,2022-05-15T00:13:52.715Z,"22 km W of Paraparaumu, New Zealand",earthquake,3.6,5.5,0.128,18,reviewed,us,us
2022-05-14T19:48:04.701Z,40.1288,76.5977,10,4.5,mb,,71,2.046,1.02,us,us6000hl6f,2022-05-14T21:26:01.040Z,"Kyrgyzstan-Xinjiang border region",earthquake,6.3,1.9,0.09,36,reviewed,us,us
2022-05-14T16:56:33.180Z,64.1153,-21.3144,10,4.5,mb,,102,0.634,1.09,us,us6000hl5m,2022-05-16T02:20:50.099Z,"14 km NNW of Hveragerði, Iceland",earthquake,6.8,1.9,0.061,80,reviewed,us,us
2022-05-14T15:20:03.082Z,-28.7483,-176.8451,10,4.9,mb,,143,1.071,1.06,us,us6000hl58,2022-05-14T16:03:25.040Z,"Kermadec Islands region",earthquake,7.9,1.9,0.051,120,reviewed,us,us
2022-05-14T12:22:56.875Z,-28.7118,-176.6856,10,5.3,mww,,64,1.212,0.7,us,us6000hl40,2022-05-14T13:09:58.040Z,"Kermadec Islands region",earthquake,10.6,1.9,0.086,13,reviewed,us,us
2022-05-14T12:21:50.466Z,-29.4059,-176.1457,10,4.8,mb,,138,1.556,1.09,us,us6000hl3y,2022-05-14T13:02:20.040Z,"Kermadec Islands region",earthquake,11.1,1.9,0.067,71,reviewed,us,us
2022-05-14T11:47:15.347Z,-23.6183,-66.8319,216.51,4.7,mb,,108,1.404,0.79,us,us6000hl3s,2022-05-14T12:09:18.040Z,"84 km NW of San Antonio de los Cobres, Argentina",earthquake,5.8,10.6,0.208,8,reviewed,us,us
2022-05-14T10:48:32.679Z,34.6635,140.6304,69.32,4.7,mb,,132,1.687,0.88,us,us6000hl3i,2022-05-16T16:33:50.272Z,"60 km SSE of Katsuura, Japan",earthquake,7,7.1,0.037,223,reviewed,us,us
2022-05-14T10:05:49.972Z,23.9507,122.5835,23.81,4.5,mb,,92,0.645,0.7,us,us6000hl3b,2022-05-14T10:34:02.040Z,"71 km SW of Yonakuni, Japan",earthquake,5,5.1,0.074,54,reviewed,us,us
2022-05-14T02:25:19.606Z,-3.1708,139.7219,69.78,5.1,mww,,42,7.466,1.24,us,us6000hl1d,2022-05-17T16:11:06.040Z,"119 km WSW of Abepura, Indonesia",earthquake,10.8,5.2,0.08,15,reviewed,us,us
2022-05-13T17:16:23.961Z,-21.4654,-178.823,564.54,4.5,mb,,80,4.729,0.81,us,us6000hky8,2022-05-14T19:49:08.269Z,"Fiji region",earthquake,9.5,6.7,0.067,71,reviewed,us,us
2022-05-13T15:47:27.058Z,40.2301,142.7439,42.47,4.6,mb,,134,1.396,0.8,us,us6000hkxr,2022-05-13T17:15:04.040Z,"94 km NE of Miyako, Japan",earthquake,7.4,7.1,0.046,142,reviewed,us,us
2022-05-13T15:26:11.349Z,51.1305,-178.1684,10,4.5,mb,,179,0.796,1.19,us,us6000hkxm,2022-05-13T19:21:05.320Z,"134 km SW of Adak, Alaska",earthquake,7.2,2,0.053,102,reviewed,us,us
2022-05-13T07:31:53.410Z,34.1979,26.1568,10,4.6,mb,,65,1.507,0.79,us,us6000hksp,2022-05-13T23:09:00.483Z,"97 km SSE of Ierápetra, Greece",earthquake,7.8,1.9,0.058,89,reviewed,us,us
2022-05-13T03:23:12.610Z,-56.3512,-27.6764,10,5.3,mww,,73,5.441,0.87,us,us6000hkrd,2022-05-13T05:02:22.040Z,"South Sandwich Islands region",earthquake,6.8,1.8,0.098,10,reviewed,us,us
2022-05-13T00:56:21.551Z,-23.3037,179.9833,531.02,4.8,mb,,143,5.819,0.98,us,us6000hkqs,2022-05-13T01:25:10.040Z,"south of the Fiji Islands",earthquake,12.2,6.1,0.084,44,reviewed,us,us
2022-05-12T23:16:51.024Z,20.3365,120.8918,10,4.5,mb,,110,2.475,0.72,us,us6000hkqe,2022-05-12T23:55:11.040Z,"113 km W of Basco, Philippines",earthquake,10.3,1.9,0.085,41,reviewed,us,us
2022-05-12T21:55:48.723Z,-12.3599,-76.89,55.86,5.4,mww,,65,0.373,0.99,us,us6000hkpv,2022-05-15T01:43:54.142Z,"near the coast of central Peru",earthquake,7.8,4.9,0.05,38,reviewed,us,us
2022-05-12T21:23:31.589Z,4.0221,-76.4904,88.76,5,mww,,52,2.312,1.01,us,us6000hkph,2022-05-14T13:53:40.605Z,"10 km N of Darien, Colombia",earthquake,6.4,5.9,0.086,13,reviewed,us,us
2022-05-12T16:52:59.579Z,-6.5,-80.7057,46.61,4.8,mb,,110,3,0.81,us,us6000hkmc,2022-05-12T22:20:54.286Z,"76 km W of Mórrope, Peru",earthquake,4.1,6.9,0.032,305,reviewed,us,us
2022-05-12T16:14:30.707Z,6.1692,126.8951,65.34,4.6,mb,,45,1.584,0.75,us,us6000hkm4,2022-05-13T16:01:48.040Z,"82 km ESE of Pondaguitan, Philippines",earthquake,6.9,5.2,0.054,108,reviewed,us,us
2022-05-12T10:59:11.705Z,-21.8902,-178.8281,553.69,4.7,mb,,67,5.062,0.94,us,us6000hkjg,2022-05-16T14:12:39.210Z,"Fiji region",earthquake,11.3,7.2,0.038,209,reviewed,us,us
2022-05-12T10:27:44.687Z,38.0517,66.9753,29.93,5.3,mww,,28,1.709,0.88,us,us6000hkj2,2022-05-14T23:41:12.201Z,"26 km SW of Boysun, Uzbekistan",earthquake,3.4,3.5,0.075,17,reviewed,us,us
2022-05-12T07:45:38.293Z,-25.1949,179.2435,523.55,4.7,mb,,65,4.773,1.01,us,us6000hkij,2022-05-12T08:06:49.040Z,"south of the Fiji Islands",earthquake,12.1,6.2,0.033,285,reviewed,us,us
2022-05-12T07:22:12.194Z,-0.0483,123.3861,129.9,5.1,mww,,13,1.162,1,us,us6000hki3,2022-05-12T14:20:11.040Z,"74 km SSE of Gorontalo, Indonesia",earthquake,5.6,4.5,0.057,30,reviewed,us,us
2022-05-12T06:44:49.188Z,-17.7453,-178.4044,586.38,4.5,mb,,124,3.376,0.45,us,us6000hkhz,2022-05-12T07:09:25.040Z,"244 km E of Levuka, Fiji",earthquake,12.6,9.5,0.108,31,reviewed,us,us
2022-05-12T05:34:22.720Z,-14.7118,167.9419,10,4.8,mb,,122,1.021,0.8,us,us6000hkhp,2022-05-12T05:55:42.040Z,"100 km ENE of Port-Olry, Vanuatu",earthquake,7.7,1.9,0.068,66,reviewed,us,us
2022-05-12T02:57:44.741Z,-19.811,-176.8341,301.28,4.8,mb,,127,5.261,0.98,us,us6000hkh3,2022-05-12T04:28:59.040Z,"225 km NW of Nuku‘alofa, Tonga",earthquake,12.3,6.4,0.034,265,reviewed,us,us
2022-05-12T01:01:03.069Z,-28.3607,-67.7942,171.73,4.6,mb,,76,1.926,0.84,us,us6000hkgv,2022-05-12T04:56:03.040Z,"39 km SW of Tinogasta, Argentina",earthquake,8.8,9.3,0.183,9,reviewed,us,us
2022-05-11T22:24:56.679Z,-6.9231,155.1526,10,5.1,mb,,65,4.026,0.58,us,us6000hkgb,2022-05-11T22:42:52.040Z,"76 km SSW of Panguna, Papua New Guinea",earthquake,9.4,1.9,0.048,139,reviewed,us,us
2022-05-11T19:12:55.722Z,5.3918,126.0269,132.03,4.6,mb,,84,1.725,1.1,us,us6000hkf7,2022-05-11T19:29:44.040Z,"62 km E of Sarangani, Philippines",earthquake,8.4,6.6,0.059,87,reviewed,us,us
2022-05-11T17:43:27.555Z,-30.3973,-178.0544,60.15,5.1,mb,,71,1.137,1.05,us,us6000hkeu,2022-05-11T19:36:05.040Z,"Kermadec Islands, New Zealand",earthquake,10.9,4.8,0.053,118,reviewed,us,us
2022-05-11T17:27:41.034Z,4.6815,95.047,54.51,5,mww,,68,4.198,0.67,us,us7000h8nd,2022-05-11T19:42:08.040Z,"100 km SSW of Banda Aceh, Indonesia",earthquake,7.3,4.7,0.098,10,reviewed,us,us
2022-05-11T16:20:11.986Z,3.7496,126.6337,39.44,4.8,mww,,86,3.047,0.66,us,us7000h8n2,2022-05-11T16:42:04.040Z,"224 km SE of Sarangani, Philippines",earthquake,7.8,7.5,0.093,11,reviewed,us,us
2022-05-11T15:21:15.560Z,-21.6893,-70.244,59.98,5,mww,,131,0.49,0.56,us,us7000h8ls,2022-05-11T21:15:53.146Z,"44 km N of Tocopilla, Chile",earthquake,5.6,6.4,0.083,14,reviewed,us,us
2022-05-11T14:20:14.863Z,-15.2203,167.4377,123.44,5.2,mww,,42,0.319,0.85,us,us7000h8li,2022-05-12T13:47:01.040Z,"43 km ESE of Port-Olry, Vanuatu",earthquake,8.3,4.8,0.068,21,reviewed,us,us
2022-05-11T14:08:47.786Z,-6.5152,130.1356,143,4.9,mww,,40,1.859,0.44,us,us7000h8ld,2022-05-11T14:25:45.040Z,"Banda Sea",earthquake,8.3,7.8,0.098,10,reviewed,us,us
2022-05-11T12:15:31.475Z,-29.3196,-68.5253,131.41,4.5,mb,,101,1.514,0.48,us,us7000h8kn,2022-05-11T12:49:49.040Z,"69 km SSW of Vinchina, Argentina",earthquake,6.7,8.1,0.181,10,reviewed,us,us
2022-05-11T11:52:38.988Z,1.2982,124.5344,178.95,4.5,mb,,78,2.879,0.77,us,us7000h8kk,2022-05-11T12:18:05.040Z,"30 km W of Tomohon, Indonesia",earthquake,9,9,0.1,32,reviewed,us,us
2022-05-11T05:28:07.459Z,-20.4741,-177.4276,497.45,4.5,mb,,121,5.062,1.01,us,us7000h8iq,2022-05-11T05:46:25.040Z,"242 km WNW of Haveluloto, Tonga",earthquake,10.7,8,0.036,224,reviewed,us,us
2022-05-11T05:27:40.013Z,38.6075,142.3317,43.1,4.6,mb,,168,2.388,1.03,us,us7000h8ip,2022-05-11T06:56:51.352Z,"74 km SE of Ōfunato, Japan",earthquake,8.2,5.4,0.069,63,reviewed,us,us
2022-05-11T04:33:10.012Z,29.9908,80.4388,21.41,4.9,mb,,105,4.772,0.42,us,us7000h8ii,2022-05-11T23:59:00.262Z,"17 km NNW of Dhārchula, India",earthquake,9.2,2.1,0.045,159,reviewed,us,us
2022-05-11T01:15:57.165Z,-30.582,-179.7393,407.94,4.6,mb,,122,2.055,0.93,us,us7000h8hj,2022-05-11T01:32:52.040Z,"Kermadec Islands region",earthquake,13.3,8.7,0.087,40,reviewed,us,us
2022-05-10T23:18:50.671Z,-55.4239,-28.1486,39.36,5.4,mb,,55,4.952,0.65,us,us7000h8g7,2022-05-11T23:22:12.393Z,"South Sandwich Islands region",earthquake,10.7,7.4,0.068,73,reviewed,us,us
2022-05-10T23:06:32.409Z,-23.5156,-66.6078,220,6.8,mww,,30,1.55,0.93,us,us7000h8g3,2022-05-16T04:09:13.558Z,"83 km NNW of San Antonio de los Cobres, Argentina",earthquake,9.7,1.8,0.062,25,reviewed,us,us
2022-05-10T22:09:19.329Z,-48.3365,165.6618,10,4.5,mb,,127,2.279,1.07,us,us7000h8fx,2022-05-10T22:44:22.040Z,"278 km SW of Bluff, New Zealand",earthquake,5.9,1.9,0.163,12,reviewed,us,us
2022-05-10T21:19:03.459Z,48.809,152.9918,147.94,4.6,mb,,106,5.231,0.74,us,us7000h8fh,2022-05-10T22:01:46.040Z,"Kuril Islands",earthquake,10.4,5.9,0.034,264,reviewed,us,us
2022-05-10T17:39:53.270Z,26.7118,126.4102,24.37,4.5,mb,,68,1.669,0.98,us,us7000h8e9,2022-05-11T14:04:09.040Z,"138 km WNW of Naha, Japan",earthquake,7.3,5.7,0.078,55,reviewed,us,us
2022-05-10T14:14:36.878Z,13.762,120.7631,141.68,4.5,mb,,116,9.488,0.35,us,us7000h8cm,2022-05-17T18:37:09.452Z,"11 km SE of Hukay, Philippines",earthquake,11,7.3,0.077,49,reviewed,us,us
2022-05-10T13:18:11.553Z,-17.2457,167.632,14,5.8,mww,,63,1.835,0.65,us,us7000h8bc,2022-05-17T15:40:37.861Z,"90 km NW of Port-Vila, Vanuatu",earthquake,7.4,1.8,0.059,28,reviewed,us,us
2022-05-10T12:05:55.025Z,-11.1362,161.7049,10,4.9,mww,,41,2.415,0.66,us,us7000h8b3,2022-05-10T20:43:06.040Z,"79 km SSW of Kirakira, Solomon Islands",earthquake,2.9,1.8,0.093,11,reviewed,us,us
2022-05-10T11:45:39.685Z,-38.0094,175.931,296.85,4.6,mb,,72,0.438,0.97,us,us7000h8az,2022-05-10T12:51:39.040Z,"25 km NNE of Tokoroa, New Zealand",earthquake,6.5,6.6,0.272,4,reviewed,us,us
2022-05-10T08:42:07.246Z,-27.1087,-63.4433,579.27,5.4,mww,,31,5.081,0.88,us,us7000h8a8,2022-05-11T08:44:56.781Z,"22 km WSW of El Hoyo, Argentina",earthquake,10.5,4.8,0.048,41,reviewed,us,us
2022-05-10T07:45:52.971Z,-55.8283,-27.1888,28.46,4.8,mb,,87,5.565,0.49,us,us7000h8af,2022-05-10T09:17:59.040Z,"South Sandwich Islands region",earthquake,11.9,3.4,0.074,56,reviewed,us,us
2022-05-10T06:35:38.919Z,12.5692,-89.2197,44.36,4.7,mb,,157,1.169,0.76,us,us7000h89n,2022-05-10T06:50:27.040Z,"102 km S of La Libertad, El Salvador",earthquake,7.2,8.5,0.031,319,reviewed,us,us
2022-05-10T04:47:50.535Z,-30.3443,-177.1984,10,4.5,mb,,146,1.247,0.84,us,us6000hlst,2022-05-18T03:08:32.040Z,"Kermadec Islands, New Zealand",earthquake,8.7,1.9,0.191,8,reviewed,us,us
2022-05-10T03:43:22.435Z,-5.8751,128.29,347.36,5,mb,,27,3.647,0.64,us,us7000h88u,2022-05-18T04:20:49.040Z,"241 km S of Ambon, Indonesia",earthquake,8,5.1,0.042,178,reviewed,us,us
2022-05-10T03:40:07.326Z,-59.7259,-26.2517,35,5.1,mb,,38,7.803,0.94,us,us7000h88t,2022-05-18T04:12:59.040Z,"South Sandwich Islands region",earthquake,7.7,1.9,0.057,99,reviewed,us,us
2022-05-10T03:21:55.070Z,-3.8912,135.9433,10,4.5,mb,,124,3.812,0.36,us,us6000hlsw,2022-05-18T02:36:49.040Z,"76 km SE of Nabire, Indonesia",earthquake,9.9,1.9,0.191,8,reviewed,us,us
2022-05-10T02:50:04.957Z,-6.2903,142.5215,10,4.6,mb,,56,4.165,0.95,us,us6000hlss,2022-05-18T02:23:59.040Z,"68 km SW of Tari, Papua New Guinea",earthquake,7.4,1.7,0.157,12,reviewed,us,us
2022-05-10T02:49:06.444Z,-56.0736,-45.3653,10,5.2,mww,,53,5.394,0.65,us,us7000h88k,2022-05-18T04:31:13.040Z,"Scotia Sea",earthquake,8.6,1.8,0.066,22,reviewed,us,us
2022-05-10T02:18:31.171Z,-17.5676,-70.3591,95.72,4.6,mb,,79,0.799,0.98,us,us7000h88f,2022-05-18T03:32:06.874Z,"16 km WSW of Chipispaya, Peru",earthquake,6.4,5,0.048,131,reviewed,us,us
2022-05-10T02:09:39.891Z,-33.1195,-179.3883,10,4.7,mb,,83,4.045,0.46,us,us6000hlsr,2022-05-18T01:59:51.040Z,"south of the Kermadec Islands",earthquake,9,1.9,0.246,10,reviewed,us,us
2022-05-10T01:36:43.771Z,-33.161,-179.15,10,5.2,mb,,57,4.027,0.9,us,us7000h888,2022-05-18T03:19:10.040Z,"south of the Kermadec Islands",earthquake,8.6,1.7,0.077,55,reviewed,us,us
2022-05-10T00:02:30.068Z,-3.4494,146.0831,10,5.3,mww,,47,6.111,0.99,us,us7000h87v,2022-05-10T00:21:54.040Z,"198 km N of Madang, Papua New Guinea",earthquake,9.5,1.9,0.089,12,reviewed,us,us
2022-05-09T22:54:44.288Z,-3.4921,146.8175,10,4.7,mb,,73,5.379,0.89,us,us7000h8aa,2022-05-11T21:37:57.040Z,"168 km SSW of Lorengau, Papua New Guinea",earthquake,13.2,1.9,0.097,32,reviewed,us,us
2022-05-09T22:33:06.797Z,-3.3689,146.347,10,6.3,mww,,49,5.861,0.88,us,us7000h87i,2022-05-10T22:39:30.882Z,"179 km SW of Lorengau, Papua New Guinea",earthquake,8.8,1.9,0.093,11,reviewed,us,us
2022-05-09T22:24:56.459Z,-13.1642,-74.7261,80.51,4.5,mb,,119,2.374,1.12,us,us7000h87h,2022-05-18T05:16:08.040Z,"28 km ESE of Huachocolpa, Peru",earthquake,9.2,7.2,0.091,35,reviewed,us,us
2022-05-09T22:10:58.223Z,-22.3701,170.3882,10,4.7,mb,,102,2.731,1.04,us,us6000hlic,2022-05-18T05:13:53.040Z,"274 km ESE of Tadine, New Caledonia",earthquake,5.9,1.9,0.112,24,reviewed,us,us
2022-05-09T22:10:50.821Z,-8.3934,-81.3199,10,4.8,mb,,79,3.157,0.97,us,us7000h87g,2022-05-18T05:02:20.040Z,"221 km WSW of Pacasmayo, Peru",earthquake,8.1,1.9,0.07,63,reviewed,us,us
2022-05-09T22:08:05.359Z,10.1921,93.8311,10,4.6,mb,,56,1.804,1.07,us,us6000hli3,2022-05-18T04:45:05.040Z,"201 km SE of Port Blair, India",earthquake,8,1.9,0.141,15,reviewed,us,us
2022-05-09T22:06:30.100Z,9.6727,93.4999,10,4.5,mb,,164,2.106,0.94,us,us6000hli4,2022-05-18T03:45:41.040Z,"235 km SSE of Port Blair, India",earthquake,9.5,1.8,0.15,13,reviewed,us,us
2022-05-09T20:54:11.298Z,0.5985,122.1405,98.32,4.6,mb,,41,1.45,0.96,us,us7000h86l,2022-05-16T18:30:51.040Z,"102 km W of Gorontalo, Indonesia",earthquake,6.7,5.3,0.069,63,reviewed,us,us
2022-05-09T19:23:09.130Z,-25.0556,-175.6554,10,5,mb,,76,4.65,0.8,us,us6000hlib,2022-05-16T18:11:32.040Z,"south of Tonga",earthquake,6.1,1.8,0.123,21,reviewed,us,us
2022-05-09T16:14:57.325Z,-35.7328,-103.5458,10,5.7,mww,,97,9.899,0.73,us,us7000h85r,2022-05-16T20:49:26.997Z,"southeast of Easter Island",earthquake,14.3,1.9,0.089,12,reviewed,us,us
2022-05-09T15:20:49.261Z,-17.9399,65.1367,10,4.8,mb,,50,9.423,0.54,us,us7000h852,2022-05-16T19:58:17.040Z,"264 km NE of Port Mathurin, Mauritius",earthquake,10.9,1.8,0.087,45,reviewed,us,us
2022-05-09T14:15:02.810Z,-17.0201,-173.4164,35,4.8,mb,,54,3.471,0.48,us,us7000h842,2022-05-16T19:31:50.040Z,"124 km SSE of Hihifo, Tonga",earthquake,8.7,1.9,0.076,56,reviewed,us,us
2022-05-09T14:09:20.058Z,24.0258,122.5546,24.97,4.6,mb,,54,0.605,0.52,us,us7000h840,2022-05-16T19:13:05.040Z,"Taiwan region",earthquake,4.8,3.8,0.103,30,reviewed,us,us
2022-05-09T13:21:56.302Z,-16.7573,-173.1002,35,4.5,mb,,124,23.083,0.32,us,us6000hlhu,2022-05-16T18:48:29.040Z,"115 km SE of Hihifo, Tonga",earthquake,15.6,2,0.172,12,reviewed,us,us
2022-05-09T13:11:54.950Z,13.9878,-91.4528,58.53,4.5,mb,,206,1.626,0.37,us,us7000h83s,2022-05-09T13:45:05.040Z,"28 km SW of Nueva Concepción, Guatemala",earthquake,8.1,25,0.27,4,reviewed,us,us
2022-05-09T13:00:24.868Z,14.0074,-91.4465,68.33,4.6,mb,,137,1.373,0.76,us,us7000h83m,2022-05-16T18:23:01.035Z,"26 km SW of Nueva Concepción, Guatemala",earthquake,7.6,5.9,0.044,156,reviewed,us,us
2022-05-09T11:59:49.600Z,-20.5779,-178.4272,593.19,4.5,mb,,105,4.36,0.51,us,us7000h83j,2022-05-09T12:24:11.040Z,"Fiji region",earthquake,13.9,8.1,0.06,80,reviewed,us,us
2022-05-09T08:33:07.547Z,34.5551,136.8917,329.08,5.2,mww,,25,0.801,0.75,us,us7000h82x,2022-05-09T23:44:06.615Z,"9 km NNE of Toba, Japan",earthquake,7.3,5.2,0.098,10,reviewed,us,us
2022-05-09T08:10:18.872Z,-16.5677,41.4593,10,4.5,mb,,76,6.012,0.42,us,us7000h82r,2022-05-09T10:49:06.040Z,"169 km ESE of António Enes, Mozambique",earthquake,8.3,1.9,0.106,27,reviewed,us,us
2022-05-09T07:45:52.221Z,23.9668,122.5455,24.26,5,mww,,87,0.655,0.62,us,us7000h82m,2022-05-09T08:41:23.895Z,"72 km SW of Yonakuni, Japan",earthquake,5.4,4.8,0.098,10,reviewed,us,us
2022-05-09T07:25:15.066Z,-33.6257,-69.5543,141.73,4.7,mb,,40,0.531,0.39,us,us7000h82k,2022-05-09T18:57:29.040Z,"94 km E of Puente Alto, Chile",earthquake,6.4,4.7,0.045,153,reviewed,us,us
2022-05-09T06:23:03.133Z,24.0222,122.5011,27.02,6.3,mww,,35,0.642,0.54,us,us7000h82f,2022-05-13T23:52:57.377Z,"70 km SW of Yonakuni, Japan",earthquake,5.5,1,0.075,17,reviewed,us,us
2022-05-09T04:04:30.197Z,-59.3155,-25.5148,35,4.6,mb,,89,9.72,0.65,us,us7000h81y,2022-05-17T02:24:02.040Z,"South Sandwich Islands region",earthquake,10.1,1.8,0.095,33,reviewed,us,us
2022-05-09T03:20:02.232Z,-38.5865,-68.9998,10,4.5,mb,,74,2.166,0.93,us,us7000h81q,2022-05-17T02:16:53.944Z,"31 km SW of Añelo, Argentina",earthquake,7.6,1.8,0.106,26,reviewed,us,us
2022-05-09T01:57:51.273Z,-0.2948,132.1742,10,4.5,mb,,116,1.072,1.04,us,us6000hlhb,2022-05-16T22:59:27.040Z,"120 km ENE of Sorong, Indonesia",earthquake,6.3,1.9,0.136,16,reviewed,us,us
2022-05-08T23:33:15.280Z,70.4207,-15.2101,10,5.4,mww,,32,6.156,0.68,us,us7000h816,2022-05-10T04:43:40.580Z,"246 km WSW of Olonkinbyen, Svalbard and Jan Mayen",earthquake,5.4,1.8,0.035,79,reviewed,us,us
2022-05-08T23:03:45.953Z,-12.1937,121.9057,10,4.9,mb,,73,3.353,0.37,us,us7000h813,2022-05-10T04:22:36.040Z,"290 km SW of Kupang, Indonesia",earthquake,5.6,1.9,0.144,15,reviewed,us,us
2022-05-08T21:51:40.332Z,1.8243,127.1791,45.31,5.6,mww,,36,1.062,0.89,us,us7000h803,2022-05-17T03:14:36.365Z,"93 km W of Tobelo, Indonesia",earthquake,6.3,3.6,0.083,14,reviewed,us,us
2022-05-08T21:14:01.432Z,70.5007,-14.8575,10,5.1,mww,,39,2.162,0.84,us,us7000h7zy,2022-05-17T01:50:44.040Z,"231 km WSW of Olonkinbyen, Svalbard and Jan Mayen",earthquake,6.2,1.7,0.059,28,reviewed,us,us
2022-05-08T19:43:16.241Z,-35.1989,-15.3,10,4.7,mb,,89,20.985,0.54,us,us7000h7zp,2022-05-08T20:50:25.040Z,"Tristan da Cunha region",earthquake,11.1,1.7,0.12,21,reviewed,us,us
2022-05-08T19:41:35.979Z,6.9858,93.9969,54.27,4.7,mb,,164,4.802,0.84,us,us7000h7zj,2022-05-08T20:43:50.040Z,"189 km NW of Sabang, Indonesia",earthquake,4.6,8.9,0.12,21,reviewed,us,us
2022-05-08T17:51:52.153Z,-22.707,170.0916,10,5,mb,,68,2.445,0.69,us,us7000h7z0,2022-05-08T18:11:03.040Z,"261 km ESE of Tadine, New Caledonia",earthquake,5.5,1.9,0.081,49,reviewed,us,us
2022-05-08T16:34:28.918Z,3.6683,126.8752,39.01,4.6,mb,,95,2.918,0.53,us,us7000h7yt,2022-05-15T18:38:04.040Z,"247 km SE of Sarangani, Philippines",earthquake,7.6,7.4,0.084,44,reviewed,us,us
2022-05-08T14:52:09.903Z,12.1353,143.6955,12.88,4.6,mb,,99,1.843,0.41,us,us6000hkws,2022-05-15T18:21:53.040Z,"Guam region",earthquake,10.9,5.5,0.078,52,reviewed,us,us
2022-05-08T14:30:31.146Z,38.3474,23.3996,10,4.5,mb,,67,1.651,0.74,us,us7000h7y3,2022-05-15T16:12:36.040Z,"7 km ENE of Thívai, Greece",earthquake,5.3,1.9,0.116,23,reviewed,us,us
2022-05-08T13:32:58.400Z,18.9755,-64.3585,25,5.5,ml,31,214,1.4822,0.35,pr,pr2022128001,2022-05-18T15:05:36.040Z,"84 km NNE of Cruz Bay, U.S. Virgin Islands",earthquake,1.55,26.8,0.12,23,reviewed,pr,pr
2022-05-08T13:22:31.254Z,35.0709,25.2599,8.51,4.7,mb,,68,0.372,0.58,us,us7000h7xj,2022-05-15T15:37:12.824Z,"8 km S of Arkalochóri, Greece",earthquake,5.7,3.8,0.054,108,reviewed,us,us
2022-05-08T12:17:31.112Z,3.689,126.9518,42,5,mb,,102,2.927,0.55,us,us7000h7x9,2022-05-08T12:34:57.040Z,"246 km NNW of Tobelo, Indonesia",earthquake,7.9,7.3,0.063,81,reviewed,us,us
2022-05-08T11:59:47.357Z,31.8637,104.5131,10,4.7,mb,,31,10.51,0.48,us,us7000h7x4,2022-05-08T12:18:06.040Z,"22 km WNW of Jiangyou, China",earthquake,7.6,1.8,0.057,93,reviewed,us,us
2022-05-08T10:40:26.333Z,-10.8502,66.7965,10,4.6,mb,,47,12.78,0.39,us,us6000hkwu,2022-05-17T10:48:48.040Z,"Mid-Indian Ridge",earthquake,4.5,1.9,0.094,34,reviewed,us,us
2022-05-08T10:30:23.686Z,-18.2714,-172.6439,10,4.5,mb,,74,4.416,0.52,us,us6000hkwl,2022-05-16T07:41:58.040Z,"147 km ENE of Neiafu, Tonga",earthquake,9.8,1.9,0.124,20,reviewed,us,us
2022-05-08T07:54:34.510Z,-3.5651,145.9392,10,4.8,mb,,72,6.241,0.74,us,us7000h7wh,2022-05-08T08:14:14.040Z,"183 km N of Madang, Papua New Guinea",earthquake,10.8,1.9,0.084,44,reviewed,us,us
2022-05-08T02:29:03.320Z,3.6698,126.9357,39.45,5.2,mww,,103,2.91,0.77,us,us7000h7vi,2022-05-08T02:46:55.040Z,"245 km NNW of Tobelo, Indonesia",earthquake,8.1,6.8,0.098,10,reviewed,us,us
2022-05-08T02:18:56.763Z,3.7611,126.9588,38.86,4.9,mb,,111,2.997,0.54,us,us7000h7vg,2022-05-08T02:37:18.040Z,"245 km SE of Sarangani, Philippines",earthquake,9.2,7.8,0.07,65,reviewed,us,us
2022-05-08T02:12:48.302Z,3.6462,126.8909,51.14,5,mb,,111,2.894,0.51,us,us7000h7ve,2022-05-08T02:30:25.040Z,"245 km NNW of Tobelo, Indonesia",earthquake,3.7,7.7,0.067,73,reviewed,us,us
2022-05-08T00:25:40.731Z,8.7093,-83.1791,18.29,5,mww,,84,0.492,1,us,us7000h7v8,2022-05-09T03:54:17.160Z,"13 km NNW of Golfito, Costa Rica",earthquake,5.3,3.8,0.068,21,reviewed,us,us
2022-05-07T23:02:19.571Z,6.5305,127.0929,35,4.7,mb,,110,1.595,1.36,us,us7000h7ur,2022-05-07T23:17:11.040Z,"91 km SE of Lukatan, Philippines",earthquake,7.1,2,0.053,107,reviewed,us,us
2022-05-07T18:13:27.545Z,54.1485,163.2493,10,5.1,mb,,25,2.964,0.77,us,us7000h7tk,2022-05-11T15:49:29.040Z,"236 km SSE of Ust’-Kamchatsk Staryy, Russia",earthquake,7,1.8,0.023,607,reviewed,us,us
2022-05-07T16:58:12.323Z,18.7732,145.5078,214.73,5.6,mww,,45,5.191,1.1,us,us7000h7t6,2022-05-18T17:08:17.752Z,"Pagan region, Northern Mariana Islands",earthquake,9.5,5,0.048,42,reviewed,us,us
2022-05-07T16:25:33.542Z,-10.2079,161.2362,81.63,5.2,mww,,26,1.482,0.97,us,us7000h7sz,2022-05-10T14:14:31.040Z,"79 km WNW of Kirakira, Solomon Islands",earthquake,9.3,3.7,0.078,16,reviewed,us,us
2022-05-07T15:44:45.011Z,-20.1235,-175.1685,130.06,4.5,mb,,115,6.434,0.86,us,us6000hkvi,2022-05-16T17:25:47.040Z,"91 km WSW of Pangai, Tonga",earthquake,14,6.5,0.15,13,reviewed,us,us
2022-05-07T11:53:56.936Z,26.7775,126.4617,10,5.5,mww,,39,1.619,0.89,us,us7000h7s7,2022-05-10T19:05:40.040Z,"136 km WNW of Naha, Japan",earthquake,6,1.9,0.058,29,reviewed,us,us
2022-05-07T11:31:15.267Z,-10.9054,165.8806,35,4.5,mb,,97,6.019,0.37,us,us7000h7s0,2022-05-07T12:17:08.040Z,"21 km SSE of Lata, Solomon Islands",earthquake,10.9,2,0.121,23,reviewed,us,us
2022-05-07T06:12:23.516Z,-36.4884,-72.9161,29.4,4.5,mwr,,78,0.34,0.65,us,us7000h7qm,2022-05-07T16:51:29.655Z,"14 km NNE of Tomé, Chile",earthquake,6.7,5.9,0.046,46,reviewed,us,us
2022-05-07T01:17:55.366Z,14.1543,-91.2358,89.02,4.7,mb,,150,1.435,1.08,us,us7000h7p6,2022-05-13T23:54:49.923Z,"8 km SE of Nueva Concepción, Guatemala",earthquake,8.3,7.3,0.027,408,reviewed,us,us
2022-05-06T23:29:00.446Z,-15.752,-70.5974,205.74,4.5,mb,,120,2.117,0.79,us,us7000h7np,2022-05-06T23:46:55.040Z,"6 km S of Santa Lucía, Peru",earthquake,9.8,11.9,0.145,14,reviewed,us,us
2022-05-06T21:25:56.977Z,-25.2065,179.5636,526.35,4.5,mb,,97,4.618,1.03,us,us7000h7n7,2022-05-06T22:10:36.040Z,"south of the Fiji Islands",earthquake,11.9,7.6,0.124,19,reviewed,us,us
2022-05-06T17:02:26.918Z,-25.1766,179.6151,508.28,5.4,mww,,32,4.623,0.83,us,us7000h7l3,2022-05-07T17:05:07.135Z,"south of the Fiji Islands",earthquake,9.2,5,0.098,10,reviewed,us,us
2022-05-06T16:51:08.349Z,13.8342,-92.6303,10,4.9,mb,,160,2.479,1,us,us7000h7l0,2022-05-07T03:36:25.433Z,"88 km SSW of Ocós, Guatemala",earthquake,7.5,1.7,0.033,296,reviewed,us,us
2022-05-06T16:11:48.812Z,-22.7939,170.6753,10,4.5,mb,,107,2.987,1.87,us,us7000h7kq,2022-05-06T17:52:26.040Z,"southeast of the Loyalty Islands",earthquake,5.6,1.9,0.102,28,reviewed,us,us
2022-05-06T14:04:02.946Z,-21.8539,170.5156,109.04,4.9,mb,,38,2.942,0.86,us,us7000h7jg,2022-05-16T07:09:06.040Z,"274 km E of Tadine, New Caledonia",earthquake,7.7,5.9,0.05,125,reviewed,us,us
2022-05-06T13:21:07.558Z,26.8335,126.5082,10,5.4,mww,,41,1.576,0.61,us,us7000h7j8,2022-05-16T06:52:18.866Z,"135 km WNW of Naha, Japan",earthquake,6,1.7,0.046,46,reviewed,us,us
2022-05-06T12:44:48.629Z,-29.1846,-68.2252,56.48,4.6,mb,,43,1.809,0.42,us,us7000h7hv,2022-05-16T06:20:06.040Z,"47 km S of Vinchina, Argentina",earthquake,3.9,5.5,0.055,99,reviewed,us,us
2022-05-06T12:32:30.404Z,-20.7359,-175.6503,79.08,4.8,mb,,47,6.651,0.54,us,us7000h7hu,2022-05-16T05:27:04.040Z,"64 km NW of Nuku‘alofa, Tonga",earthquake,8.8,7,0.044,159,reviewed,us,us
2022-05-06T10:34:20.528Z,-22.7768,170.3542,10,4.5,mb,,111,2.69,0.46,us,us7000h7he,2022-05-06T12:26:03.040Z,"289 km ESE of Tadine, New Caledonia",earthquake,7.7,1.7,0.135,16,reviewed,us,us
2022-05-06T09:19:13.469Z,-4.8285,68.5884,10,4.7,mb,,118,13.066,0.54,us,us7000h7hb,2022-05-06T10:45:19.040Z,"Chagos Archipelago region",earthquake,13.1,1.9,0.108,28,reviewed,us,us
2022-05-06T08:41:20.956Z,-14.977,166.9074,56.31,5,mb,,70,6.079,1.01,us,us7000h7h5,2022-05-06T08:58:40.040Z,"19 km WNW of Port-Olry, Vanuatu",earthquake,5.4,7.3,0.087,42,reviewed,us,us
2022-05-06T07:34:51.304Z,8.704,126.4271,60.6,4.8,mb,,103,1.828,0.52,us,us7000h7h0,2022-05-06T08:13:51.588Z,"18 km SE of Marihatag, Philippines",earthquake,9.8,7.2,0.058,92,reviewed,us,us
2022-05-06T06:21:18.587Z,26.9455,66.285,10,5.2,mww,,79,7.933,0.71,us,us7000h7gi,2022-05-06T23:43:32.961Z,"79 km N of Bela, Pakistan",earthquake,8.7,1.8,0.083,14,reviewed,us,us
2022-05-06T04:40:52.511Z,6.5075,127.0277,48.16,4.6,mb,,115,1.543,1.14,us,us6000hktt,2022-05-13T23:42:06.040Z,"86 km ESE of Bobon, Philippines",earthquake,9.7,1.4,0.165,13,reviewed,us,us
2022-05-06T04:17:06.092Z,-8.327,121.6518,34.97,4.5,mb,,131,0.655,1.03,us,us6000hkts,2022-05-13T23:26:48.040Z,"57 km N of Ende, Indonesia",earthquake,5.5,9.6,0.191,9,reviewed,us,us
2022-05-06T03:13:47.168Z,-5.9352,148.8304,97.54,4.8,mb,,72,3.745,0.53,us,us7000h7fm,2022-05-06T03:31:53.040Z,"84 km WNW of Kandrian, Papua New Guinea",earthquake,10.5,5.7,0.053,114,reviewed,us,us
2022-05-06T02:03:27.627Z,-17.4475,167.2274,10,4.5,mb,,129,4.155,0.66,us,us6000hktx,2022-05-13T22:49:13.040Z,"119 km WNW of Port-Vila, Vanuatu",earthquake,13,1.9,0.181,10,reviewed,us,us
2022-05-06T01:36:19.886Z,6.2731,127.2412,41.24,4.5,mb,,120,1.83,1.11,us,us6000hktv,2022-05-13T22:21:25.040Z,"118 km E of Pondaguitan, Philippines",earthquake,7,8.9,0.221,7,reviewed,us,us
2022-05-06T00:48:02.758Z,28.4517,64.3204,10,5.1,mb,,120,7.286,0.9,us,us7000h7er,2022-05-06T01:05:22.040Z,"49 km S of Dalbandin, Pakistan",earthquake,9.8,1.9,0.045,163,reviewed,us,us
2022-05-06T00:02:27.638Z,6.5349,126.9431,68.27,5.3,mb,,77,1.455,0.83,us,us7000h7ek,2022-05-06T00:20:58.040Z,"77 km ESE of Bobon, Philippines",earthquake,8.3,6.7,0.038,228,reviewed,us,us
2022-05-05T22:58:42.842Z,51.5503,-176.7908,51.38,4.7,mb,,129,0.339,0.8,us,us7000h7ec,2022-05-06T00:27:02.186Z,"37 km SSW of Adak, Alaska",earthquake,6.3,5.4,0.036,234,reviewed,us,us
2022-05-05T22:55:17.190Z,-21.1407,-175.6895,148.49,4.6,mb,,124,6.801,0.87,us,us7000h7eb,2022-05-05T23:34:53.040Z,"49 km W of Haveluloto, Tonga",earthquake,11.7,7.3,0.122,20,reviewed,us,us
2022-05-05T21:05:24.169Z,-33.1245,-73.0439,10,5.1,mww,,61,1.176,1.04,us,us7000h7dn,2022-05-06T09:19:58.900Z,"Off the coast of Valparaiso, Chile",earthquake,5.1,1.8,0.093,11,reviewed,us,us
2022-05-05T20:29:21.625Z,-16.0307,-72.8853,59.75,4.5,mb,,151,3.365,0.64,us,us7000h7df,2022-05-12T20:09:05.040Z,"26 km S of Andaray, Peru",earthquake,10.4,11.5,0.172,10,reviewed,us,us
2022-05-05T20:15:48.334Z,-17.3833,167.6708,20.28,5.6,mww,,34,4.492,1.11,us,us7000h7da,2022-05-12T18:20:29.938Z,"78 km WNW of Port-Vila, Vanuatu",earthquake,7.9,3.4,0.052,35,reviewed,us,us
2022-05-05T19:54:43.124Z,6.5811,127.0154,28.13,5.2,mww,,46,1.506,1.15,us,us7000h7d0,2022-05-12T18:06:18.040Z,"80 km SE of Lukatan, Philippines",earthquake,4.9,3.6,0.068,21,reviewed,us,us
2022-05-05T19:25:55.689Z,18.6952,145.6577,184.21,5.3,mww,,35,5.133,1.14,us,us7000h7cj,2022-05-17T19:36:06.926Z,"Pagan region, Northern Mariana Islands",earthquake,8,4.1,0.052,35,reviewed,us,us
2022-05-05T15:26:10.273Z,-5.4645,154.2195,145.16,4.5,mb,,93,2.407,0.65,us,us7000h7bd,2022-05-05T16:00:45.040Z,"168 km NW of Panguna, Papua New Guinea",earthquake,10.1,0.8,0.047,144,reviewed,us,us
2022-05-05T14:54:31.864Z,6.5741,126.9605,64.61,4.6,mb,,118,1.457,0.88,us,us7000h7ay,2022-05-05T15:18:37.040Z,"76 km SE of Lukatan, Philippines",earthquake,4.1,8.1,0.061,80,reviewed,us,us
2022-05-05T14:05:54.209Z,-5.451,147.2786,196.76,5.2,mww,,19,5.026,0.75,us,us7000h7a3,2022-05-06T16:59:22.040Z,"137 km NNW of Finschhafen, Papua New Guinea",earthquake,9.5,4.5,0.075,17,reviewed,us,us
2022-05-05T13:43:33.426Z,-7.5443,127.7582,170.83,4.5,mb,,57,3.535,0.88,us,us7000h79r,2022-05-05T14:46:21.040Z,"136 km NE of Lospalos, Timor Leste",earthquake,9,9.2,0.139,15,reviewed,us,us
2022-05-05T11:06:54.150Z,13.8761,119.4435,10,4.7,mb,,85,9.627,0.46,us,us7000h791,2022-05-05T11:53:48.040Z,"65 km W of Cabra, Philippines",earthquake,6.3,1.9,0.102,29,reviewed,us,us
2022-05-05T10:37:33.491Z,6.5578,126.9107,78.99,5.1,mb,,77,1.416,0.85,us,us7000h78u,2022-05-05T10:54:33.040Z,"72 km ESE of Bobon, Philippines",earthquake,8.6,7,0.063,82,reviewed,us,us
2022-05-05T10:25:24.140Z,28.0233,129.99,10,4.5,mb,,96,1.931,0.65,us,us7000h78w,2022-05-05T16:16:29.526Z,"62 km SE of Naze, Japan",earthquake,6.6,1.9,0.11,24,reviewed,us,us
2022-05-05T09:42:01.962Z,36.1272,139.8633,51.37,5,mb,,98,1.403,1.06,us,us7000h78s,2022-05-17T17:42:42.723Z,"6 km ENE of Sakai, Japan",earthquake,4.8,6.2,0.031,330,reviewed,us,us
2022-05-05T08:21:16.209Z,6.5386,127.1428,21.69,6,mww,,72,1.64,0.52,us,us7000h781,2022-05-06T08:26:20.635Z,"95 km ESE of Lukatan, Philippines",earthquake,7.5,3.9,0.043,51,reviewed,us,us
2022-05-05T03:12:48.389Z,-23.6228,-179.9435,530.34,4.6,mb,,105,5.901,0.55,us,us7000h76q,2022-05-16T03:40:28.040Z,"south of the Fiji Islands",earthquake,11.5,5.6,0.033,272,reviewed,us,us
2022-05-05T01:55:54.341Z,2.8457,126.4223,55.59,4.5,mb,,83,5.894,0.86,us,us6000hkl7,2022-05-16T01:24:21.040Z,"215 km NW of Tobelo, Indonesia",earthquake,11.2,3,0.14,17,reviewed,us,us
2022-05-05T01:20:05.392Z,14.1983,119.3494,10,4.5,mb,,122,10.146,0.72,us,us6000hkkz,2022-05-16T00:59:10.040Z,"83 km WNW of Cabra, Philippines",earthquake,13.2,1.9,0.145,14,reviewed,us,us
2022-05-05T01:00:19.846Z,14.2447,119.3264,10,4.5,mb,,126,20,0.81,us,us6000hkkx,2022-05-15T23:16:15.040Z,"87 km WNW of Cabra, Philippines",earthquake,14.6,1.3,0.192,10,reviewed,us,us
2022-05-05T00:44:59.250Z,11.7666,143.1853,10,4.8,mb,,138,2.445,0.76,us,us6000hkkw,2022-05-13T03:14:22.040Z,"231 km SW of Merizo Village, Guam",earthquake,10.1,1.9,0.125,20,reviewed,us,us
2022-05-05T00:05:42.942Z,37.5022,71.7337,108.73,5,mww,,55,0.996,0.71,us,us7000h75s,2022-05-05T19:13:29.631Z,"16 km E of Khorugh, Tajikistan",earthquake,6.5,5.5,0.098,10,reviewed,us,us
2022-05-04T23:23:51.407Z,-50.3182,112.6592,10,4.6,mb,,91,16.046,0.41,us,us7000h8mw,2022-05-13T03:56:25.040Z,"southeast Indian Ridge",earthquake,13,1.8,0.145,14,reviewed,us,us
2022-05-04T21:41:08.156Z,6.5555,127.1265,35,5.6,mww,,68,1.619,1.1,us,us7000h74t,2022-05-05T21:44:43.582Z,"92 km ESE of Lukatan, Philippines",earthquake,4.6,1.9,0.061,26,reviewed,us,us
2022-05-04T21:32:38.119Z,-35.1049,-179.9028,39.49,4.5,mb,,163,2.846,0.97,us,us7000h74q,2022-05-04T22:28:59.040Z,"east of the North Island of New Zealand",earthquake,12.1,9.7,0.205,7,reviewed,us,us
2022-05-04T21:09:22.360Z,-37.333,78.6231,10,4.8,mb,,74,0.956,0.49,us,us7000h77w,2022-05-13T04:42:42.040Z,"Mid-Indian Ridge",earthquake,9.3,1.9,0.092,37,reviewed,us,us
2022-05-04T20:36:17.083Z,10.3401,92.4602,30.51,4.6,mb,,93,1.336,0.62,us,us7000h8mi,2022-05-12T16:44:15.040Z,"149 km SSW of Port Blair, India",earthquake,9,6.1,0.164,11,reviewed,us,us
2022-05-04T20:16:06.857Z,6.6024,127.061,16.8,5.1,mww,,83,1.543,1.14,us,us7000h73u,2022-05-12T16:36:31.550Z,"83 km ESE of Lukatan, Philippines",earthquake,7.2,1,0.08,15,reviewed,us,us
2022-05-04T20:10:55.291Z,9.6817,126.5481,28.85,4.5,mb,,94,2.766,1.05,us,us7000h8mh,2022-05-12T16:26:19.040Z,"48 km E of Union, Philippines",earthquake,9.8,5.5,0.094,33,reviewed,us,us
2022-05-04T15:03:43.783Z,-19.2306,-69.3919,108.83,4.5,mb,,91,0.473,0.7,us,us7000h708,2022-05-13T04:21:50.040Z,"126 km SE of Arica, Chile",earthquake,3.9,5.9,0.131,17,reviewed,us,us
2022-05-04T12:48:22.052Z,-32.2306,-71.9982,22.14,5.1,mww,,100,0.843,0.74,us,us7000h6zr,2022-05-06T00:50:28.054Z,"76 km WNW of La Ligua, Chile",earthquake,5.6,4.1,0.078,16,reviewed,us,us
2022-05-04T11:59:34.589Z,-32.2349,-71.8756,18.99,5.2,mww,,102,0.787,0.69,us,us7000h6zc,2022-05-06T00:39:26.301Z,"Near the coast of Valparaiso, Chile",earthquake,3.7,3.6,0.066,22,reviewed,us,us
2022-05-04T06:54:12.978Z,-32.2299,-71.8729,17.97,4.8,mwr,,70,0.784,0.8,us,us7000h6ya,2022-05-05T01:39:15.991Z,"65 km WNW of La Ligua, Chile",earthquake,3.5,4,0.035,77,reviewed,us,us
2022-05-04T06:19:59.731Z,-7.2928,155.1874,71.5,5.1,mb,,59,4.306,1.19,us,us7000h6y4,2022-05-04T06:35:46.040Z,"112 km SSW of Panguna, Papua New Guinea",earthquake,7.9,5.7,0.074,59,reviewed,us,us
2022-05-04T05:23:01.851Z,-63.1245,-162.2212,10,5.1,mb,,135,17.627,1.04,us,us7000h6xw,2022-05-04T05:43:37.040Z,"Pacific-Antarctic Ridge",earthquake,14.4,1.9,0.09,40,reviewed,us,us
2022-05-04T03:53:59.006Z,24.8412,125.3153,49.57,4.7,mb,,111,2.129,0.43,us,us7000h6xa,2022-05-12T01:58:57.040Z,"4 km NNE of Hirara, Japan",earthquake,8.2,6.9,0.07,62,reviewed,us,us
2022-05-04T03:48:42.138Z,22.2514,143.7576,111.85,4.5,mb,,119,5.03,0.71,us,us7000h8lx,2022-05-12T01:37:19.040Z,"Volcano Islands, Japan region",earthquake,5.9,7.2,0.191,8,reviewed,us,us
2022-05-04T03:45:58.581Z,-32.2409,-71.925,16.34,5,mww,,34,0.814,0.43,us,us7000h6x9,2022-05-12T01:27:12.809Z,"69 km WNW of La Ligua, Chile",earthquake,4.2,2.8,0.08,15,reviewed,us,us
2022-05-04T01:32:40.737Z,-20.4891,-178.7451,590.83,4.5,mb,,123,6.176,1.05,us,us7000h6wp,2022-05-04T01:55:30.040Z,"Fiji region",earthquake,13.5,7.1,0.041,178,reviewed,us,us
2022-05-03T21:42:27.602Z,-19.322,-173.3229,10,5,mb,,124,18.255,0.71,us,us7000h6vj,2022-05-12T04:19:31.040Z,"101 km SE of Neiafu, Tonga",earthquake,13.2,1.9,0.087,42,reviewed,us,us
2022-05-03T16:58:43.627Z,17.659,-106.1682,10,4.6,mb,,179,5.084,0.66,us,us7000h6u1,2022-05-11T14:48:54.040Z,"229 km SSW of Emiliano Zapata, Mexico",earthquake,10.1,1.9,0.035,245,reviewed,us,us
2022-05-03T16:35:27.757Z,17.9432,147.2865,10,4.9,mb,,82,4.915,0.73,us,us7000h6tt,2022-05-11T14:45:42.040Z,"Mariana Islands region",earthquake,10.1,1.8,0.074,60,reviewed,us,us
2022-05-03T15:16:41.253Z,-29.791,-177.9304,48.42,4.6,mb,,155,0.527,0.63,us,us7000h8dj,2022-05-10T21:13:06.040Z,"Kermadec Islands, New Zealand",earthquake,14.5,13.4,0.182,12,reviewed,us,us
2022-05-03T10:39:57.791Z,35.6621,139.4316,139.47,4.8,mb,,97,1.328,0.59,us,us7000h6sf,2022-05-05T06:45:26.017Z,"3 km ESE of Hino, Japan",earthquake,7,6,0.029,370,reviewed,us,us
2022-05-03T08:48:27.686Z,0.5044,126.6417,58.32,4.6,mb,,51,0.772,0.48,us,us7000h6s5,2022-05-03T09:34:54.040Z,"88 km WSW of Ternate, Indonesia",earthquake,6,8.5,0.107,26,reviewed,us,us
2022-05-03T08:28:58.074Z,5.4824,-82.6712,10,4.6,mb,,152,3.29,0.93,us,us7000h6s3,2022-05-03T09:20:32.040Z,"283 km S of Burica, Panama",earthquake,8.2,1.9,0.054,103,reviewed,us,us
2022-05-03T07:49:03.257Z,-25.324,179.8529,488.24,5,mb,,76,4.394,1.28,us,us7000h6ry,2022-05-03T08:02:40.040Z,"south of the Fiji Islands",earthquake,11.3,7.5,0.087,42,reviewed,us,us
2022-05-03T07:44:15.304Z,-20.8427,-178.4796,596.21,4.5,mb,,127,4.496,0.89,us,us7000h6ru,2022-05-03T08:16:14.040Z,"Fiji region",earthquake,9.4,7.5,0.077,49,reviewed,us,us
2022-05-03T06:32:24.525Z,13.8315,144.9758,130.45,4.5,mb,,82,0.262,0.5,us,us7000h8de,2022-05-15T05:09:45.040Z,"34 km NNE of Yigo Village, Guam",earthquake,12.5,5.3,0.076,50,reviewed,us,us
2022-05-02T23:25:56.078Z,-4.9817,144.87,94.4,4.7,mb,,59,7.312,0.71,us,us7000h6qi,2022-05-02T23:49:26.040Z,"105 km WNW of Madang, Papua New Guinea",earthquake,9.8,5.3,0.087,40,reviewed,us,us
2022-05-02T21:51:46.647Z,2.4201,128.5115,58.15,4.7,mb,,112,1.997,0.87,us,us7000h6q1,2022-05-12T01:01:02.040Z,"94 km NE of Tobelo, Indonesia",earthquake,7,3.2,0.07,61,reviewed,us,us
2022-05-02T18:59:24.352Z,-62.755,166.3674,10,4.9,mb,,34,14.908,0.92,us,us7000h6eu,2022-05-10T17:05:24.040Z,"Balleny Islands region",earthquake,12.2,1.8,0.104,29,reviewed,us,us
2022-05-02T18:43:13.339Z,24.0451,121.6609,30.05,4.5,mb,,89,0.141,0.92,us,us7000h6eq,2022-05-10T16:56:53.040Z,"9 km NE of Hualien City, Taiwan",earthquake,4.4,4.1,0.078,49,reviewed,us,us
2022-05-02T18:24:26.841Z,8.9775,-84.0298,33.39,4.5,mb,,63,1.021,1.25,us,us7000h6ee,2022-05-10T16:51:58.064Z,"52 km SSE of Quepos, Costa Rica",earthquake,6.6,5.4,0.087,39,reviewed,us,us
2022-05-02T18:19:49.089Z,-19.8825,-177.5247,428.84,4.6,mb,,121,4.697,0.7,us,us7000h6ed,2022-05-10T16:47:09.040Z,"279 km WNW of Haveluloto, Tonga",earthquake,10.2,5.7,0.059,85,reviewed,us,us
2022-05-02T16:27:54.142Z,-23.6891,-179.9323,511.21,5.4,mww,,59,5.835,0.66,us,us7000h6dx,2022-05-10T19:13:14.853Z,"south of the Fiji Islands",earthquake,10.6,5.7,0.086,13,reviewed,us,us
2022-05-02T14:41:16.538Z,18.4406,-73.5148,12.43,4.5,mb,,49,2.112,0.44,us,us7000h6dg,2022-05-10T18:56:31.040Z,"9 km S of Petit Trou de Nippes, Haiti",earthquake,5.9,4,0.11,26,reviewed,us,us
2022-05-02T14:37:36.260Z,-49.7455,117.4265,10,4.5,mb,,86,16.804,0.93,us,us7000h8c8,2022-05-10T18:52:00.040Z,"western Indian-Antarctic Ridge",earthquake,14.3,1.8,0.132,17,reviewed,us,us
2022-05-02T14:28:02.428Z,-50.0822,115.4794,10,4.7,mb,,118,16.442,0.49,us,us7000h8c3,2022-05-10T18:43:44.040Z,"western Indian-Antarctic Ridge",earthquake,13.6,1.9,0.13,19,reviewed,us,us
2022-05-02T12:48:07.859Z,51.1249,177.8752,33.62,4.5,mb,,137,0.915,0.46,us,us7000h6cz,2022-05-16T05:13:41.040Z,"Rat Islands, Aleutian Islands, Alaska",earthquake,5,5.2,0.042,166,reviewed,us,us
2022-05-02T12:34:25.670Z,-30.0182,-178.6215,222.78,5.4,mww,,52,0.969,0.84,us,us7000h6cu,2022-05-15T10:06:00.749Z,"Kermadec Islands, New Zealand",earthquake,10.2,4.7,0.057,30,reviewed,us,us
2022-05-02T07:08:15.880Z,31.7016,131.687,37.01,5.2,mww,,90,1.07,0.77,us,us7000h6bp,2022-05-03T05:16:16.603Z,"32 km ENE of Nichinan, Japan",earthquake,5.6,6.4,0.093,11,reviewed,us,us
2022-05-02T06:10:38.366Z,-57.0389,-25.2156,10,5.1,mb,,83,6.948,0.92,us,us7000h6ba,2022-05-02T06:27:59.040Z,"South Sandwich Islands region",earthquake,5.8,1.9,0.071,64,reviewed,us,us
2022-05-02T06:02:12.296Z,-57.0571,-25.1637,10,5.6,mww,,46,6.981,0.72,us,us7000h6b8,2022-05-03T17:21:47.040Z,"South Sandwich Islands region",earthquake,9.4,1.7,0.068,21,reviewed,us,us
2022-05-02T03:23:58.696Z,31.4171,138.705,10,4.9,mb,,115,1.927,0.87,us,us7000h6ay,2022-05-11T04:21:13.040Z,"Izu Islands, Japan region",earthquake,7.4,1.8,0.05,127,reviewed,us,us
2022-05-02T03:14:28.398Z,31.3723,138.7424,10,5.3,mww,,69,1.952,0.96,us,us7000h6as,2022-05-11T04:05:16.040Z,"Izu Islands, Japan region",earthquake,5.9,1.8,0.066,22,reviewed,us,us
2022-05-01T21:57:48.362Z,23.6654,142.7335,44.91,5.5,mww,,36,9.758,0.79,us,us7000h69c,2022-05-03T17:02:46.040Z,"Volcano Islands, Japan region",earthquake,8.5,3.8,0.073,18,reviewed,us,us
2022-05-01T21:38:11.351Z,31.4899,138.8039,10,4.5,mb,,102,1.824,0.8,us,us7000h698,2022-05-11T04:23:36.040Z,"Izu Islands, Japan region",earthquake,6.5,1.9,0.115,22,reviewed,us,us
2022-05-01T20:10:19.029Z,-20.0659,-173.5189,10,5.2,mb,,83,6.344,1.41,us,us7000h68v,2022-05-01T20:29:05.040Z,"91 km ESE of Pangai, Tonga",earthquake,6.5,1.9,0.089,42,reviewed,us,us
2022-05-01T19:35:53.123Z,41.1318,44.0732,10,4.9,mb,,42,0.993,1.09,us,us7000h68m,2022-05-02T09:45:59.313Z,"15 km WSW of Metsavan, Armenia",earthquake,5.4,1.9,0.059,90,reviewed,us,us
2022-05-01T19:26:00.664Z,-37.205,-74.0892,10,4.7,mb,,137,0.852,0.75,us,us7000h68k,2022-05-01T19:45:07.040Z,"59 km NW of Lebu, Chile",earthquake,4.6,1.8,0.121,21,reviewed,us,us
2022-05-01T17:28:56.228Z,47.6916,147.5903,392.79,4.7,mb,,100,3.366,1.13,us,us7000h685,2022-05-01T19:23:02.040Z,"274 km N of Kuril’sk, Russia",earthquake,10.3,5.8,0.022,631,reviewed,us,us
2022-05-01T16:30:50.037Z,14.2981,119.4464,10,4.5,mb,,107,8.614,0.52,us,us7000h84m,2022-05-09T20:45:40.040Z,"79 km NW of Cabra, Philippines",earthquake,10.4,1.9,0.088,39,reviewed,us,us
2022-05-01T15:15:39.093Z,22.6784,94.2561,90.81,5,mb,,43,2.413,0.7,us,us7000h67u,2022-05-09T20:07:22.815Z,"64 km ESE of Falam, Myanmar",earthquake,7.7,1.9,0.04,201,reviewed,us,us
2022-05-01T12:50:30.597Z,-7.0256,155.6883,35,5.5,mww,,44,4.498,0.63,us,us7000h67f,2022-05-15T07:43:20.937Z,"81 km SSE of Panguna, Papua New Guinea",earthquake,7.9,1.9,0.083,14,reviewed,us,us
2022-05-01T12:12:00.067Z,-65.5439,-178.3944,10,4.7,mb,,90,13.136,0.32,us,us7000h84e,2022-05-13T07:45:12.040Z,"Pacific-Antarctic Ridge",earthquake,7.3,1.9,0.134,18,reviewed,us,us
2022-05-01T10:14:58.813Z,-59.4066,-25.8898,32.86,4.5,mb,,81,7.749,0.43,us,us7000h84b,2022-05-13T06:33:39.040Z,"South Sandwich Islands region",earthquake,11.9,2.3,0.115,22,reviewed,us,us
2022-05-01T10:05:51.205Z,-28.1879,-13.2248,10,4.5,mb,,79,13.999,0.51,us,us7000h84a,2022-05-13T06:09:08.040Z,"southern Mid-Atlantic Ridge",earthquake,5.8,1.9,0.096,32,reviewed,us,us
2022-05-01T05:43:08.665Z,24.2908,141.5195,171.32,4.6,mb,,96,8.918,0.94,us,us7000h661,2022-05-01T07:21:35.645Z,"Volcano Islands, Japan region",earthquake,9.9,7.1,0.033,282,reviewed,us,us
2022-05-01T01:52:26.269Z,26.8227,126.4682,10,4.5,mb,,82,1.612,0.56,us,us7000h65c,2022-05-01T02:24:25.040Z,"138 km WNW of Naha, Japan",earthquake,9,1.9,0.204,9,reviewed,us,us
2022-05-01T01:22:47.291Z,29.7383,142.3801,10,4.6,mb,,136,7.19,0.63,us,us7000h659,2022-05-01T01:44:16.040Z,"Izu Islands, Japan region",earthquake,11.9,1.9,0.074,57,reviewed,us,us
2022-04-30T23:07:19.271Z,12.3669,141.8559,103.05,4.5,mb,,54,3.177,0.72,us,us7000h7kb,2022-05-18T03:38:46.040Z,"Mariana Islands region",earthquake,12.2,8.5,0.14,15,reviewed,us,us
2022-04-30T23:00:18.237Z,-60.8404,-19.8914,10,4.6,mb,,96,12.784,0.4,us,us7000h7ka,2022-05-18T03:29:24.040Z,"east of the South Sandwich Islands",earthquake,13.8,1.9,0.158,12,reviewed,us,us
2022-04-30T22:39:28.645Z,-5.3786,68.8004,10,4.5,mb,,58,4.287,0.59,us,us7000h64v,2022-05-18T03:09:46.040Z,"Chagos Archipelago region",earthquake,10.8,1.7,0.089,37,reviewed,us,us
2022-04-30T22:15:26.980Z,-17.7422,-178.674,546.74,4.5,mb,,119,3.119,0.68,us,us7000h64p,2022-05-18T03:02:38.040Z,"215 km E of Levuka, Fiji",earthquake,15.4,10.9,0.118,21,reviewed,us,us
2022-04-30T19:57:37.387Z,-56.9519,147.9963,10,4.8,mb,,113,17.884,0.83,us,us7000h65w,2022-05-13T04:29:26.040Z,"west of Macquarie Island",earthquake,14.6,1.9,0.114,24,reviewed,us,us
2022-04-30T17:34:04.645Z,13.2125,92.9874,30.98,4.6,mb,,47,1.565,0.79,us,us7000h63j,2022-04-30T18:36:21.040Z,"169 km N of Bamboo Flat, India",earthquake,7.5,5.1,0.083,50,reviewed,us,us
2022-04-30T13:30:42.064Z,-16.6268,175.9384,10,4.5,mb,,71,6.174,1.04,us,us7000h7jz,2022-05-09T19:54:53.040Z,"194 km NW of Lautoka, Fiji",earthquake,7.2,1.9,0.131,17,reviewed,us,us
2022-04-30T13:04:59.273Z,-6.7023,120.6879,10,4.8,mb,,52,1.918,0.7,us,us7000h62q,2022-04-30T13:26:10.040Z,"181 km SSE of Sinjai, Indonesia",earthquake,5.7,1.9,0.122,21,reviewed,us,us
2022-04-30T11:00:19.015Z,-35.2949,78.5926,10,4.9,mb,,58,2.628,0.42,us,us7000h626,2022-04-30T11:21:29.040Z,"Mid-Indian Ridge",earthquake,10.6,1.8,0.089,40,reviewed,us,us
2022-04-30T09:21:28.621Z,-34.4647,-72.07,18.6,4.5,mb,,129,0.555,0.65,us,us7000h61w,2022-04-30T09:48:47.040Z,"67 km WNW of Santa Cruz, Chile",earthquake,3.8,1.7,0.144,14,reviewed,us,us
2022-04-30T08:14:47.308Z,-6.6004,103.5781,20.23,4.6,mb,,118,2.309,0.54,us,us7000h61c,2022-04-30T10:54:29.616Z,"226 km SW of Bandar Lampung, Indonesia",earthquake,4.5,5.8,0.114,23,reviewed,us,us
2022-04-30T06:33:02.653Z,-14.7253,-173.224,10,4.5,mb,,125,1.616,0.64,us,us7000h60u,2022-04-30T06:57:56.040Z,"138 km SW of Gataivai, Samoa",earthquake,14.3,1.9,0.15,13,reviewed,us,us
2022-04-30T06:14:40.908Z,-15.8054,-177.9434,10,4.6,mb,,107,1.498,0.77,us,us7000h60x,2022-04-30T07:06:36.040Z,"166 km S of Alo, Wallis and Futuna",earthquake,5.3,1.9,0.141,15,reviewed,us,us
2022-04-30T05:09:11.309Z,12.5566,-88.0131,68.03,4.7,mb,,155,0.978,0.75,us,us7000h607,2022-04-30T05:35:06.040Z,"64 km WSW of Jiquilillo, Nicaragua",earthquake,7.2,8.5,0.059,88,reviewed,us,us
2022-04-30T03:24:52.382Z,2.9789,126.5729,55.54,4.9,mb,,104,2.331,1.1,us,us7000h5zj,2022-04-30T03:53:10.040Z,"211 km NW of Tobelo, Indonesia",earthquake,9,7.6,0.062,83,reviewed,us,us
2022-04-30T03:24:49.914Z,-59.0086,-25.731,50.48,5,mb,,64,7.584,0.87,us,us7000h5zm,2022-04-30T03:46:27.040Z,"South Sandwich Islands region",earthquake,8.4,5.2,0.091,41,reviewed,us,us
2022-04-30T02:49:23.417Z,-16.2633,-177.7456,10,5,mb,,127,4.281,0.62,us,us7000h5zh,2022-04-30T03:42:29.040Z,"219 km S of Alo, Wallis and Futuna",earthquake,10.5,1.6,0.081,48,reviewed,us,us
2022-04-30T01:13:20.679Z,-46.859,33.3293,10,4.9,mb,,77,17.348,1.08,us,us7000h5yx,2022-04-30T01:30:18.040Z,"Prince Edward Islands region",earthquake,13.5,1.9,0.129,21,reviewed,us,us
2022-04-29T21:42:02.312Z,-0.3228,124.5529,51.76,4.9,mww,,42,1.918,1.14,us,us7000h5xr,2022-05-05T19:52:00.040Z,"183 km S of Tomohon, Indonesia",earthquake,6.7,6.8,0.098,10,reviewed,us,us
2022-04-29T18:49:52.019Z,-2.7689,-79.4702,62.83,4.8,mb,,63,0.976,0.9,us,us7000h5w1,2022-04-29T20:22:39.714Z,"19 km ESE of Naranjal, Ecuador",earthquake,6,7.9,0.035,253,reviewed,us,us
2022-04-29T18:25:26.946Z,-9.7203,116.2749,47.7,4.8,mb,,59,1.727,0.74,us,us7000h5vv,2022-04-30T00:14:52.973Z,"112 km SSE of Lembar, Indonesia",earthquake,6.3,5.3,0.064,80,reviewed,us,us
2022-04-29T18:13:42.699Z,-25.0536,-176.918,62.14,5,mb,,72,4.285,0.87,us,us7000h5vs,2022-04-29T19:00:34.785Z,"south of the Fiji Islands",earthquake,10.3,6,0.061,91,reviewed,us,us
2022-04-29T17:23:51.970Z,27.9111,100.6622,10,4.7,mb,,53,6.668,0.78,us,us7000h5vh,2022-04-29T18:15:30.040Z,"94 km E of Shangri-La, China",earthquake,9.8,1.9,0.058,92,reviewed,us,us
2022-04-29T15:14:49.005Z,-32.4487,-71.9484,26.4,4.6,mb,,162,0.626,0.98,us,us7000h5uu,2022-04-29T21:48:44.513Z,"67 km W of La Ligua, Chile",earthquake,4.2,5.5,0.152,15,reviewed,us,us
2022-04-29T14:01:12.059Z,35.0732,25.0057,10,4.9,mb,,59,0.234,0.5,us,us7000h5uf,2022-05-09T09:06:14.007Z,"7 km S of Agía Varvára, Greece",earthquake,4.4,1.8,0.041,192,reviewed,us,us
2022-04-29T14:00:38.961Z,-16.363,-173.5116,55.87,4.9,mb,,61,2.956,0.46,us,us7000h5ug,2022-05-09T09:41:25.040Z,"54 km SE of Hihifo, Tonga",earthquake,11.9,7.2,0.034,264,reviewed,us,us
2022-04-29T12:00:00.938Z,-15.3823,168.1008,120,4.5,mb,,113,6.292,0.48,us,us7000h5u1,2022-05-09T08:47:44.040Z,"Vanuatu",earthquake,14.3,5.2,0.11,24,reviewed,us,us
2022-04-29T11:40:34.008Z,11.0658,-87.0154,10,4.5,mb,,186,1.312,0.62,us,us7000h5tw,2022-05-09T08:40:48.040Z,"96 km SW of Masachapa, Nicaragua",earthquake,2.6,1.9,0.069,62,reviewed,us,us
2022-04-29T11:23:11.615Z,31.1606,130.3699,158.52,4.5,mb,,114,0.354,0.44,us,us7000h5ts,2022-05-09T07:12:45.040Z,"12 km SSE of Makurazaki, Japan",earthquake,8.2,4.8,0.067,65,reviewed,us,us
2022-04-29T09:07:49.938Z,-5.4525,147.0795,214.91,4.5,mb,,58,3.398,1.01,us,us7000h5tb,2022-04-29T11:53:11.040Z,"140 km N of Lae, Papua New Guinea",earthquake,9.8,4.5,0.084,41,reviewed,us,us
2022-04-29T08:33:28.671Z,-4.4878,-104.9475,10,5.6,mww,,109,22.798,0.5,us,us7000h5t8,2022-05-03T17:35:24.040Z,"central East Pacific Rise",earthquake,13.6,1.9,0.098,10,reviewed,us,us
2022-04-29T06:24:00.155Z,0.7244,67.2674,10,4.6,mb,,130,8.42,0.5,us,us7000h5sq,2022-04-29T08:37:23.040Z,"Carlsberg Ridge",earthquake,5,1.9,0.122,20,reviewed,us,us
2022-04-29T01:30:02.883Z,-56.9948,-25.0331,10,4.6,mb,,115,7.029,0.39,us,us7000h7i4,2022-05-07T00:44:02.040Z,"South Sandwich Islands region",earthquake,13.1,1.9,0.146,16,reviewed,us,us
2022-04-28T22:29:25.807Z,-15.0011,-71.893,122.34,4.6,mb,,122,3.463,1.02,us,us7000h5r1,2022-04-28T23:21:50.040Z,"38 km SSE of Cayarani, Peru",earthquake,7.5,7.4,0.073,56,reviewed,us,us
2022-04-28T16:33:55.724Z,46.0813,152.8135,10,4.5,mb,,134,6.992,0.71,us,us7000h5ne,2022-04-28T22:06:37.040Z,"Kuril Islands",earthquake,10.3,1.9,0.056,92,reviewed,us,us
2022-04-28T13:21:13.325Z,-3.8986,146.6605,10,6,mww,,29,1.973,1.16,us,us7000h5mc,2022-05-17T20:35:41.953Z,"175 km NNE of Madang, Papua New Guinea",earthquake,5,1.8,0.061,26,reviewed,us,us
2022-04-28T12:54:28.540Z,-4.07,146.6536,10,4.9,mb,,68,5.497,0.97,us,us7000h5m3,2022-04-28T13:28:31.040Z,"159 km NE of Madang, Papua New Guinea",earthquake,11.7,1.9,0.086,42,reviewed,us,us
2022-04-28T11:42:26.328Z,10.005,126.151,43.5,5,mww,,71,2.97,1.3,us,us7000h5lp,2022-04-30T17:36:54.076Z,"12 km E of Santa Monica, Philippines",earthquake,8.3,4.1,0.068,21,reviewed,us,us
2022-04-28T10:03:21.751Z,41.2195,142.282,54.44,4.7,mb,,134,1.016,0.88,us,us7000h5l9,2022-04-28T13:43:29.333Z,"89 km E of Mutsu, Japan",earthquake,4.6,7.1,0.037,225,reviewed,us,us
2022-04-28T06:46:51.253Z,-16.0568,-173.8581,173.77,4.7,mb,,111,2.929,0.64,us,us7000h5kk,2022-04-28T07:08:23.040Z,"13 km SSW of Hihifo, Tonga",earthquake,11.8,4.1,0.12,26,reviewed,us,us
2022-04-28T04:14:56.810Z,52.7354,-174.5396,193.45,4.5,mb,,67,0.41,0.73,us,us7000h5jq,2022-05-11T04:03:49.040Z,"64 km NNW of Atka, Alaska",earthquake,8.9,3.3,0.03,328,reviewed,us,us
2022-04-28T03:44:20.389Z,-7.0497,129.7722,83.06,4.5,mb,,76,1.774,0.8,us,us7000h7ak,2022-05-11T03:08:10.040Z,"Kepulauan Babar, Indonesia",earthquake,7.4,9.5,0.181,9,reviewed,us,us
2022-04-28T03:33:39.903Z,56.3596,-156.4956,83.1,5.2,ml,,,,0.57,ak,ak0225f7eevn,2022-05-11T01:43:28.313Z,"118 km E of Chignik, Alaska",earthquake,,1.5,,,reviewed,ak,ak
2022-04-28T01:23:42.754Z,43.0442,142.2144,150.88,4.6,mb,,88,1.108,0.54,us,us7000h5if,2022-05-11T00:55:35.518Z,"36 km SSW of Shimo-furano, Japan",earthquake,5.4,2,0.027,420,reviewed,us,us
2022-04-28T00:01:07.630Z,-4.3905,129.1791,155.04,4.8,mb,,48,3.394,0.69,us,us7000h5i6,2022-05-18T01:38:15.040Z,"119 km SSE of Amahai, Indonesia",earthquake,2.9,6.3,0.071,61,reviewed,us,us
2022-04-27T23:09:23.586Z,-19.2785,167.5534,10,5.4,mww,,43,3.319,0.89,us,us7000h5hl,2022-05-18T00:53:40.176Z,"183 km W of Isangel, Vanuatu",earthquake,7.2,1.7,0.073,18,reviewed,us,us
2022-04-27T22:10:53.177Z,46.096,152.7709,10,4.5,mb,,138,7.467,0.72,us,us7000h71t,2022-05-17T23:17:58.040Z,"Kuril Islands",earthquake,12.6,1.9,0.115,22,reviewed,us,us
2022-04-27T21:35:18.531Z,10.7984,-62.2547,95.73,4.7,mb,,31,1.45,0.58,us,us7000h5h9,2022-05-14T02:05:03.913Z,"24 km N of Güiria, Venezuela",earthquake,8.4,6.6,0.06,84,reviewed,us,us
2022-04-27T19:47:08.625Z,-32.8494,-179.1817,96.46,4.5,mb,,155,3.736,0.72,us,us7000h71m,2022-05-04T19:43:26.040Z,"south of the Kermadec Islands",earthquake,8.5,9.7,0.15,13,reviewed,us,us
2022-04-27T14:13:53.544Z,-19.8415,-69.1427,103.47,4.9,mb,,72,0.178,0.64,us,us6000hgpq,2022-04-27T21:26:16.967Z,"113 km ENE of Iquique, Chile",earthquake,6.8,4.4,0.066,72,reviewed,us,us
2022-04-27T12:03:17.103Z,-55.298,-31.0249,10,4.9,mb,,73,3.322,0.67,us,us6000hgp7,2022-04-27T14:21:17.646Z,"South Georgia Island region",earthquake,11.2,1.9,0.114,24,reviewed,us,us
2022-04-27T11:32:19.359Z,11.8203,144.4262,10,4.5,mb,,88,1.81,0.53,us,us7000h712,2022-05-18T09:39:50.040Z,"162 km S of Merizo Village, Guam",earthquake,11,1.9,0.089,37,reviewed,us,us
2022-04-27T11:01:30.546Z,15.8426,-96.6037,15.72,4.8,mww,,180,0.482,0.74,us,us6000hgnw,2022-05-18T09:34:44.272Z,"1 km WNW of San José Piedras Negras, Mexico",earthquake,6.6,5.3,0.069,20,reviewed,us,us
2022-04-27T09:27:00.250Z,-60.2183,-24.8702,10,5.4,mww,,70,14.448,0.56,us,us6000hgmt,2022-05-18T09:22:01.127Z,"South Sandwich Islands region",earthquake,10.8,1.9,0.083,14,reviewed,us,us
2022-04-27T08:49:17.877Z,-22.8711,170.9858,10,4.9,mb,,134,6.73,1.33,us,us6000hgml,2022-04-27T09:04:30.040Z,"southeast of the Loyalty Islands",earthquake,11.8,2,0.112,25,reviewed,us,us
2022-04-27T04:41:59.641Z,-10.3684,123.5296,10,4.5,mb,,81,0.948,0.89,us,us7000h70t,2022-05-10T00:34:30.040Z,"23 km SSW of Kupang, Indonesia",earthquake,5.2,1.9,0.171,10,reviewed,us,us
2022-04-27T01:51:53.497Z,35.9659,22.6613,55.02,4.9,mww,,39,1.347,0.63,us,us6000hgkt,2022-05-14T00:27:33.040Z,"35 km SW of Kýthira, Greece",earthquake,5.6,4.6,0.071,19,reviewed,us,us
2022-04-27T01:27:25.294Z,-33.0104,-179.4545,82.06,5,mww,,65,3.961,0.67,us,us6000hgkn,2022-05-13T23:44:18.040Z,"south of the Kermadec Islands",earthquake,8.3,4.8,0.089,12,reviewed,us,us
2022-04-27T00:12:49.261Z,35.1787,140.4323,88.71,4.6,mb,,119,1.914,0.67,us,us6000hgkb,2022-05-04T22:25:50.357Z,"near the east coast of Honshu, Japan",earthquake,6.7,4.9,0.052,112,reviewed,us,us
2022-04-26T22:28:34.920Z,-49.2501,123.1396,10,4.6,mb,,135,16.894,0.65,us,us6000hgjn,2022-05-04T05:12:05.040Z,"western Indian-Antarctic Ridge",earthquake,14.3,1.9,0.128,18,reviewed,us,us
2022-04-26T21:54:27.408Z,1.5182,128.8698,18.91,4.5,mb,,81,1.675,0.8,us,us7000h6pf,2022-05-04T05:07:59.040Z,"98 km ESE of Tobelo, Indonesia",earthquake,8.1,5,0.089,37,reviewed,us,us
2022-04-26T19:11:33.900Z,34.7576,32.4115,10,4.9,mb,,57,0.783,0.76,us,us6000hght,2022-04-28T17:43:43.021Z,"2 km SSW of Paphos, Cyprus",earthquake,4.3,1.9,0.046,152,reviewed,us,us
2022-04-26T19:08:19.495Z,-4.0409,142.6569,122.34,5.2,mww,,17,5.104,0.83,us,us6000hghs,2022-04-30T17:00:27.040Z,"26 km NW of Ambunti, Papua New Guinea",earthquake,8.8,3.9,0.068,21,reviewed,us,us
2022-04-26T15:17:54.542Z,-18.657,-172.8938,10,4.6,mb,,76,4.84,0.91,us,us6000hggc,2022-05-04T20:17:15.040Z,"115 km E of Neiafu, Tonga",earthquake,10.7,1.9,0.091,38,reviewed,us,us
2022-04-26T14:58:09.112Z,-15.6433,-172.8656,20.08,4.6,mb,,64,2.017,0.73,us,us7000h6pb,2022-05-04T19:42:16.040Z,"105 km ENE of Hihifo, Tonga",earthquake,8.4,5,0.048,128,reviewed,us,us
2022-04-26T13:09:21.188Z,-57.3619,-25.6929,57.15,4.5,mb,,77,6.818,0.2,us,us7000h6nx,2022-05-04T18:14:47.040Z,"South Sandwich Islands region",earthquake,8.4,6.8,0.139,15,reviewed,us,us
2022-04-26T05:08:09.393Z,45.9938,152.7609,10,4.8,mb,,127,6.973,0.61,us,us6000hge2,2022-05-09T07:00:09.040Z,"east of the Kuril Islands",earthquake,6.3,1.9,0.034,276,reviewed,us,us
2022-04-26T04:14:05.741Z,-18.4087,176.3764,10,4.5,mb,,111,1.725,0.33,us,us7000h6nt,2022-05-09T03:53:15.040Z,"128 km WSW of Nadi, Fiji",earthquake,8.4,1.6,0.171,10,reviewed,us,us
2022-04-26T03:52:58.618Z,-57.5343,-23.4062,10,4.6,mb,,70,8.038,0.39,us,us7000h6ni,2022-05-09T01:14:37.040Z,"South Sandwich Islands region",earthquake,11,1.9,0.122,20,reviewed,us,us
2022-04-26T03:23:03.122Z,26.7185,126.5186,10,4.7,mb,,64,1.572,0.44,us,us6000hgdt,2022-05-09T00:32:14.040Z,"128 km WNW of Naha, Japan",earthquake,6.9,1.9,0.101,30,reviewed,us,us
2022-04-26T00:43:22.519Z,-17.8142,-179.9997,599.24,4.6,mb,,77,1.856,0.54,us,us6000hgcw,2022-04-26T01:57:34.040Z,"77 km ENE of Levuka, Fiji",earthquake,11.5,6.4,0.028,396,reviewed,us,us
2022-04-26T00:41:24.997Z,-12.6014,166.823,77.84,4.6,mb,,197,2.852,0.45,us,us6000hgd4,2022-05-01T05:03:53.040Z,"161 km NNW of Sola, Vanuatu",earthquake,10.5,6.3,0.119,21,reviewed,us,us
2022-04-25T21:30:35.515Z,23.3057,121.5349,32.6,4.5,mwr,,84,0.235,1,us,us6000hgbn,2022-05-04T04:01:17.040Z,"Taiwan",earthquake,4.1,2.6,0.062,25,reviewed,us,us
2022-04-25T17:01:04.806Z,-7.3233,106.5702,59.86,4.5,mb,,108,1.079,1.31,us,us6000hg9g,2022-05-06T18:01:43.040Z,"37 km S of Pelabuhanratu, Indonesia",earthquake,6.1,5.8,0.084,44,reviewed,us,us
2022-04-25T16:41:09.993Z,-16.4398,177.5048,10,4.7,mb,,94,1.399,0.64,us,us7000h6n1,2022-05-04T17:02:39.040Z,"122 km N of Ba, Fiji",earthquake,6.3,1.9,0.183,10,reviewed,us,us
2022-04-25T15:09:02.538Z,-7.1221,155.7083,63.78,4.8,mb,,71,4.573,0.4,us,us6000hg8l,2022-05-04T15:41:30.040Z,"92 km SSE of Panguna, Papua New Guinea",earthquake,8.4,7.2,0.082,49,reviewed,us,us
2022-04-25T14:25:21.318Z,-21.643,-179.2589,590.85,4.6,mb,,79,4.631,1.05,us,us6000hg85,2022-05-04T14:47:51.040Z,"Fiji region",earthquake,12.2,8.8,0.091,39,reviewed,us,us
2022-04-25T14:18:49.004Z,-16.675,177.4227,10,4.7,mb,,92,1.222,0.7,us,us7000h6mu,2022-05-04T14:44:39.040Z,"98 km NNW of Ba, Fiji",earthquake,7.6,1.6,0.092,39,reviewed,us,us
2022-04-25T14:17:25.545Z,-16.6395,177.413,10,4.5,mb,,101,1.257,0.69,us,us7000h6mv,2022-05-04T14:19:21.040Z,"102 km NNW of Ba, Fiji",earthquake,9.5,1.9,0.125,21,reviewed,us,us
2022-04-25T11:04:17.425Z,-49.2246,30.7099,10,4.7,mb,,86,14.475,0.65,us,us7000h6mz,2022-05-07T05:44:53.040Z,"south of Africa",earthquake,11.7,1.9,0.093,35,reviewed,us,us
2022-04-25T05:35:50.253Z,46.0135,152.8051,10,5.2,mww,,32,6.999,0.64,us,us6000hg6f,2022-04-27T16:51:56.916Z,"Kuril Islands",earthquake,7.7,1.7,0.098,10,reviewed,us,us
2022-04-25T00:28:00.383Z,72.4155,2.4545,10,4.8,mb,,33,6.758,0.72,us,us6000hg50,2022-04-25T00:51:43.040Z,"Norwegian Sea",earthquake,6.1,1.5,0.031,329,reviewed,us,us
2022-04-24T23:50:32.144Z,-3.7948,140.3988,57.67,5.1,mww,,19,7.172,0.78,us,us6000hg4t,2022-04-30T22:44:04.752Z,"135 km S of Abepura, Indonesia",earthquake,7.7,3.1,0.089,12,reviewed,us,us
2022-04-24T21:15:48.029Z,-57.4998,-26.9667,39.51,4.6,mb,,81,6.25,0.83,us,us7000h6lq,2022-05-05T02:33:43.040Z,"South Sandwich Islands region",earthquake,6.5,8.1,0.122,20,reviewed,us,us
2022-04-24T21:07:39.431Z,-57.6389,-32.1104,16.39,4.5,mb,,99,4.166,0.95,us,us6000hg3w,2022-05-04T00:18:59.040Z,"Scotia Sea",earthquake,9.6,5.2,0.172,10,reviewed,us,us
2022-04-24T21:06:17.526Z,-57.5193,-25.8782,68.22,4.7,mb,,67,6.788,0.69,us,us7000h6m5,2022-05-04T00:07:15.040Z,"South Sandwich Islands region",earthquake,13.4,7.3,0.123,20,reviewed,us,us
2022-04-24T21:03:07.073Z,-57.5463,-27.0408,116.56,4.6,mb,,68,6.235,0.39,us,us6000hg3q,2022-05-03T23:27:50.040Z,"South Sandwich Islands region",earthquake,11.2,7.3,0.109,25,reviewed,us,us
2022-04-24T20:47:58.003Z,-57.4695,-27.1064,34.78,4.5,mb,,70,6.169,0.72,us,us7000h6ly,2022-05-07T18:01:42.040Z,"South Sandwich Islands region",earthquake,12.6,5.3,0.121,20,reviewed,us,us
2022-04-24T20:45:40.117Z,-57.4078,-26.6886,47.84,4.5,mb,,66,6.344,0.99,us,us7000h6lw,2022-05-07T17:53:55.040Z,"South Sandwich Islands region",earthquake,11.4,5.9,0.094,33,reviewed,us,us
2022-04-24T20:33:52.488Z,-33.2537,-178.7666,10,4.5,mb,,170,4.044,0.95,us,us7000h6lt,2022-05-07T20:47:07.040Z,"south of the Kermadec Islands",earthquake,8.4,1.8,0.151,13,reviewed,us,us
2022-04-24T18:25:12.039Z,-6.485,130.2678,104.46,4.6,mb,,60,1.805,0.64,us,us6000hg2y,2022-04-24T18:42:12.040Z,"290 km WSW of Tual, Indonesia",earthquake,8.5,8.4,0.085,41,reviewed,us,us
2022-04-24T15:39:57.176Z,45.9804,145.957,10,4.7,mb,,65,2.416,0.53,us,us6000hg2e,2022-05-03T18:52:53.040Z,"171 km WNW of Kuril’sk, Russia",earthquake,6.7,1.8,0.059,91,reviewed,us,us
2022-04-24T14:57:13.680Z,19.558,146.1387,35.24,4.5,mb,,101,6.058,0.43,us,us7000h6lm,2022-05-03T15:31:07.040Z,"Mariana Islands region",earthquake,9.6,7.1,0.058,93,reviewed,us,us
2022-04-24T14:45:06.230Z,-35.2297,-71.2986,89.67,5,mwr,,68,0.54,0.66,us,us6000hg24,2022-05-03T15:03:13.198Z,"12 km S of Molina, Chile",earthquake,3.1,4,,,reviewed,us,guc
2022-04-24T12:14:34.676Z,-20.5423,-177.743,540.34,4.5,mb,,50,4.851,0.69,us,us6000hg1u,2022-05-09T06:53:34.040Z,"271 km WNW of Haveluloto, Tonga",earthquake,12.1,7.4,0.03,319,reviewed,us,us
2022-04-24T11:30:02.829Z,-21.1943,-68.5212,138.63,4.6,mb,,92,0.914,0.5,us,us6000hg1p,2022-05-09T06:44:38.040Z,"145 km NNE of Calama, Chile",earthquake,6.4,6.9,0.103,28,reviewed,us,us
2022-04-24T10:23:47.970Z,23.4449,123.2261,14.79,5.3,mww,,41,1.036,0.71,us,us6000hg1b,2022-05-09T05:44:24.381Z,"115 km SSE of Yonakuni, Japan",earthquake,5,3.7,0.055,32,reviewed,us,us
2022-04-24T09:34:41.283Z,36.6853,67.5509,10,4.5,mb,,68,2.284,0.45,us,us6000hg12,2022-05-08T07:31:11.040Z,"13 km W of Khulm, Afghanistan",earthquake,6.7,1.9,0.059,84,reviewed,us,us
2022-04-24T08:16:13.221Z,41.7673,143.7542,33.64,5.1,mww,,60,0.509,0.64,us,us6000hg0m,2022-04-24T09:28:36.040Z,"Hokkaido, Japan region",earthquake,3.4,4.9,0.083,14,reviewed,us,us
2022-04-24T07:10:39.122Z,46.1993,152.5542,10,4.5,mb,,182,6.793,0.53,us,us6000hg0j,2022-04-24T07:43:37.040Z,"Kuril Islands",earthquake,6.5,1.9,0.07,62,reviewed,us,us
2022-04-24T06:15:33.552Z,7.9496,142.0303,10,4.7,mb,,125,6.259,0.53,us,us6000hg0e,2022-04-24T07:13:39.040Z,"260 km SE of Fais, Micronesia",earthquake,11.1,1.9,0.076,60,reviewed,us,us
2022-04-24T05:16:48.814Z,26.94,126.5814,10,4.8,mb,,75,1.513,0.61,us,us6000hfzw,2022-04-24T05:45:36.040Z,"135 km NW of Naha, Japan",earthquake,6.8,1.9,0.058,114,reviewed,us,us
2022-04-24T04:30:37.270Z,43.6707,148.6895,41.36,4.8,mb,,189,4.391,0.72,us,us6000hfzm,2022-04-24T04:50:48.040Z,"east of the Kuril Islands",earthquake,12,6,0.069,68,reviewed,us,us
2022-04-24T04:27:53.247Z,43.0577,18.1372,10,4.8,mww,,20,1.038,0.97,us,us6000hfzd,2022-04-26T17:56:28.040Z,"12 km NNE of Ljubinje, Bosnia and Herzegovina",earthquake,4.7,0.9,0.093,11,reviewed,us,us
2022-04-24T04:14:08.355Z,26.8369,126.5417,10,4.5,mb,,76,1.546,1.09,us,us7000h6l3,2022-05-04T02:35:01.040Z,"132 km WNW of Naha, Japan",earthquake,5,1.9,0.157,13,reviewed,us,us
2022-04-24T04:14:05.133Z,35.1548,26.9899,10,4.7,mb,,71,0.415,1.18,us,us6000hfzb,2022-04-24T04:50:41.842Z,"29 km SSE of Fry, Greece",earthquake,4.7,1.1,0.067,69,reviewed,us,us
2022-04-24T04:01:46.090Z,46.1405,152.5608,10,4.5,mb,,207,7.334,0.96,us,us6000hfzk,2022-04-24T04:57:45.040Z,"Kuril Islands",earthquake,8.4,2,0.172,12,reviewed,us,us
2022-04-24T01:35:01.071Z,46.0299,152.7865,19.77,5.7,mww,,44,6.983,1.11,us,us6000hfyj,2022-04-26T18:35:11.744Z,"Kuril Islands",earthquake,6.4,4.1,0.078,16,reviewed,us,us
2022-04-23T23:57:03.658Z,11.2917,-87.1197,10,4.9,mww,,136,1.205,0.92,us,us6000hfye,2022-05-13T05:48:35.040Z,"85 km SW of Masachapa, Nicaragua",earthquake,6.3,1.8,0.065,23,reviewed,us,us
2022-04-23T23:54:20.696Z,-5.2823,145.6154,10,5.3,mww,,30,3.661,0.86,us,us6000hfyf,2022-04-27T14:35:54.040Z,"20 km WSW of Madang, Papua New Guinea",earthquake,8.1,1.7,0.098,10,reviewed,us,us
2022-04-23T23:44:05.628Z,-2.6417,101.4213,88.38,4.6,mb,,126,2.293,0.57,us,us6000hfyd,2022-05-12T22:20:11.040Z,"64 km S of Sungai Penuh, Indonesia",earthquake,8.8,7.8,0.098,31,reviewed,us,us
2022-04-23T22:16:16.775Z,11.306,-87.0224,10,4.6,mb,,123,1.129,0.97,us,us7000h6kq,2022-05-12T05:10:27.040Z,"76 km SW of Masachapa, Nicaragua",earthquake,6,1.9,0.141,15,reviewed,us,us
2022-04-23T22:11:21.853Z,11.3606,-87.0399,27.54,5.2,mb,,80,1.102,0.86,us,us7000h6ku,2022-05-08T04:10:25.040Z,"74 km SW of Masachapa, Nicaragua",earthquake,5.6,4,0.1,33,reviewed,us,us
2022-04-23T22:10:08.139Z,11.4846,-86.9856,10,5.4,mww,,70,0.978,1.16,us,us6000hfxm,2022-05-12T02:35:05.032Z,"61 km WSW of Masachapa, Nicaragua",earthquake,5.3,1.8,0.086,13,reviewed,us,us
2022-04-23T22:05:45.316Z,11.2958,-87.0704,10,5.2,mww,,36,1.169,0.78,us,us6000hfxj,2022-05-11T23:31:00.387Z,"81 km SW of Masachapa, Nicaragua",earthquake,5.6,1.7,0.038,65,reviewed,us,us
2022-04-23T21:22:47.947Z,50.4726,-129.6896,10,5.3,mww,,111,1.006,0.58,us,us6000hfx7,2022-05-11T03:58:24.381Z,"185 km W of Port McNeill, Canada",earthquake,4.9,1.8,0.034,85,reviewed,us,us
2022-04-23T20:50:58.427Z,1.4451,127.267,150.18,4.6,mb,,69,0.676,0.7,us,us6000hfx5,2022-05-11T02:06:30.040Z,"73 km N of Ternate, Indonesia",earthquake,7.4,4.6,0.061,79,reviewed,us,us
2022-04-23T19:56:30.737Z,-58.1369,-24.9732,10,4.7,mb,,69,7.489,0.47,us,us6000hfwy,2022-05-08T03:42:40.040Z,"South Sandwich Islands region",earthquake,10.3,1.8,0.078,50,reviewed,us,us
2022-04-23T18:22:21.714Z,8.1843,147.5382,10,5.2,mww,,28,5.976,0.71,us,us6000hfw4,2022-04-26T14:10:43.040Z,"State of Yap, Federated States of Micronesia",earthquake,7.7,1.8,0.069,20,reviewed,us,us
2022-04-23T16:44:56.121Z,36.3537,19.5819,10,4.7,mb,,67,2.053,0.79,us,us6000hfvc,2022-04-23T17:08:35.040Z,"187 km SW of Lithakiá, Greece",earthquake,5.7,1.4,0.102,29,reviewed,us,us
2022-04-23T15:20:02.330Z,7.3141,127.3207,10,4.6,mb,,94,1.745,1.12,us,us7000h6km,2022-05-07T20:07:13.040Z,"82 km E of Santiago, Philippines",earthquake,8.5,1.9,0.122,20,reviewed,us,us
2022-04-23T14:07:03.600Z,37.7545,101.4734,10,4.8,mb,,117,10.7,0.91,us,us6000hfup,2022-04-23T19:39:04.206Z,"103 km W of Wuwei, China",earthquake,11.6,1.9,0.055,103,reviewed,us,us
2022-04-23T11:59:11.702Z,-17.8386,168.264,50.34,4.5,mb,,143,2.586,0.65,us,us6000hfzc,2022-04-24T22:56:12.549Z,"12 km SSW of Port-Vila, Vanuatu",earthquake,8.8,9.8,0.156,13,reviewed,us,us
2022-04-23T10:02:13.254Z,-8.7156,-74.2769,68.75,4.5,mb,,94,1.838,0.57,us,us6000hftt,2022-04-23T10:32:34.040Z,"45 km SE of San Fernando, Peru",earthquake,8.2,8,0.15,15,reviewed,us,us
2022-04-23T09:56:58.179Z,6.8747,-76.4602,10,4.5,mb,,91,1.147,0.64,us,us6000hftr,2022-04-28T08:13:25.093Z,"25 km WSW of Dabeiba, Colombia",earthquake,4.3,1.8,0.204,8,reviewed,us,us
2022-04-23T07:43:10.872Z,-59.8574,-26.62,10,4.5,mb,,71,14.786,0.57,us,us7000h6k1,2022-05-18T08:48:50.040Z,"South Sandwich Islands region",earthquake,10.4,1.6,0.132,17,reviewed,us,us
2022-04-23T07:40:27.948Z,-1.4355,148.1327,10,4.7,mb,,73,0.975,0.84,us,us6000hft9,2022-05-18T08:44:29.934Z,"116 km NE of Lorengau, Papua New Guinea",earthquake,7.3,1.9,0.093,35,reviewed,us,us
2022-04-23T07:21:51.347Z,52.8652,-166.8278,26.85,4.5,mb,,137,0.851,0.84,us,us6000hft5,2022-05-18T08:40:00.040Z,"113 km S of Unalaska, Alaska",earthquake,4.3,5.4,0.069,62,reviewed,us,us
2022-04-23T05:54:34.310Z,-9.7659,113.0206,35.58,4.6,mb,,67,1.704,0.77,us,us6000hfsu,2022-05-18T05:57:31.040Z,"168 km SSW of Kencong, Indonesia",earthquake,6.5,7.7,0.107,26,reviewed,us,us
2022-04-23T04:19:29.738Z,7.4988,94.3635,10,4.6,mb,,102,3.417,0.67,us,us6000hfsf,2022-04-23T04:59:05.040Z,"206 km NNW of Sabang, Indonesia",earthquake,8.2,1.9,0.105,29,reviewed,us,us
2022-04-22T21:07:48.267Z,43.0542,18.1726,10,5.7,mww,,24,1.016,0.92,us,us6000hfqj,2022-05-09T11:32:55.934Z,"13 km NNE of Ljubinje, Bosnia and Herzegovina",earthquake,4.7,1.8,0.039,63,reviewed,us,us
2022-04-22T19:49:27.177Z,-2.743,122.2804,10,4.6,mb,,49,1.759,0.67,us,us6000hfqc,2022-04-23T16:05:43.040Z,"139 km N of Kendari, Indonesia",earthquake,2.9,1.9,0.109,25,reviewed,us,us
2022-04-22T16:03:42.026Z,-49.5795,-116.2926,10,4.5,mb,,88,26.727,1.14,us,us7000h6jd,2022-05-15T14:50:37.040Z,"southern East Pacific Rise",earthquake,10.1,1.7,0.172,13,reviewed,us,us
2022-04-22T14:18:36.018Z,14.262,51.9336,10,4.5,mb,,105,9.266,0.57,us,us7000h6j7,2022-05-06T06:53:59.040Z,"216 km S of Al Ghayz̧ah, Yemen",earthquake,8.3,1.7,0.094,34,reviewed,us,us
2022-04-22T11:41:23.634Z,14.2504,119.4691,10,4.6,mb,,83,8.657,0.66,us,us7000h6j0,2022-05-03T08:04:14.040Z,"74 km WNW of Cabra, Philippines",earthquake,9.4,1.9,0.12,21,reviewed,us,us
2022-04-22T11:01:59.748Z,-30.3702,-177.3584,10,4.9,mb,,66,1.207,0.46,us,us7000h6iz,2022-05-03T07:50:36.040Z,"Kermadec Islands, New Zealand",earthquake,6.6,1.8,0.117,23,reviewed,us,us
2022-04-22T10:52:02.109Z,-60.0347,-25.1081,10,4.5,mb,,120,8.447,0.55,us,us7000h6jp,2022-05-18T13:21:20.040Z,"South Sandwich Islands region",earthquake,13.9,1.9,0.104,27,reviewed,us,us
2022-04-22T07:44:01.365Z,14.5239,119.2685,10,4.7,mb,,113,8.824,0.64,us,us6000hfie,2022-05-11T08:09:00.040Z,"98 km WSW of San Nicolas, Philippines",earthquake,9.9,1.9,0.082,45,reviewed,us,us
2022-04-22T06:23:23.432Z,-58.2209,-25.3607,52.25,4.6,mb,,85,16.348,0.86,us,us7000h6j1,2022-05-11T07:48:52.040Z,"South Sandwich Islands region",earthquake,14,9.5,0.114,23,reviewed,us,us
2022-04-22T06:15:23.697Z,-30.0613,-177.8211,36.94,5.3,mww,,65,0.801,0.74,us,us6000hfhy,2022-05-11T07:45:27.040Z,"Kermadec Islands, New Zealand",earthquake,8.3,6.1,0.089,12,reviewed,us,us
2022-04-22T06:09:59.488Z,-58.1219,-25.136,35,4.6,mb,,83,16.387,0.82,us,us7000h6iq,2022-05-11T07:42:22.040Z,"South Sandwich Islands region",earthquake,5.9,2,0.105,27,reviewed,us,us
2022-04-22T05:27:35.067Z,56.2728,-161.634,209.68,5.2,mww,,30,0.79,1.08,us,us6000hfh7,2022-05-17T05:37:47.525Z,"40 km NW of Nelson Lagoon, Alaska",earthquake,4.8,3.6,0.031,103,reviewed,us,us
2022-04-22T04:21:00.044Z,6.423,126.9976,56.43,4.5,mb,,117,1.548,0.97,us,us6000hfgu,2022-05-12T22:12:55.040Z,"88 km ESE of Bobon, Philippines",earthquake,8.7,7.5,0.07,64,reviewed,us,us
2022-04-22T03:51:27.747Z,13.9992,92.9511,10,4.9,mb,,82,5.996,0.81,us,us6000hfgp,2022-05-12T22:10:39.790Z,"255 km N of Bamboo Flat, India",earthquake,9,1.8,0.077,54,reviewed,us,us
2022-04-21T20:32:38.919Z,83.0129,-27.9353,10,5.1,mww,,22,4.33,0.77,us,us6000hfev,2022-05-04T17:02:29.040Z,"near the north coast of Greenland",earthquake,7.4,1.8,0.086,13,reviewed,us,us
2022-04-21T20:23:35.317Z,0.4487,96.7619,10,4.9,mb,,53,1.176,0.9,us,us6000hfes,2022-05-04T16:59:30.040Z,"228 km S of Sinabang, Indonesia",earthquake,8,1.8,0.073,59,reviewed,us,us
2022-04-21T20:01:47.363Z,-3.3134,136.1527,10,4.8,mb,,63,3.917,1.17,us,us6000hfeg,2022-05-04T16:48:04.040Z,"72 km E of Nabire, Indonesia",earthquake,9.7,1.9,0.06,86,reviewed,us,us
2022-04-21T19:40:47.221Z,-16.6908,-174.0561,117.76,4.7,mb,,128,3.53,0.72,us,us6000hfeq,2022-05-04T16:42:59.040Z,"86 km SSW of Hihifo, Tonga",earthquake,14,6.2,0.106,27,reviewed,us,us
2022-04-21T19:30:09.394Z,15.0186,-61.2228,148.14,4.6,mb,,60,0.185,0.72,us,us6000hfe3,2022-05-04T16:41:45.040Z,"20 km NW of Basse-Pointe, Martinique",earthquake,5.1,4.9,0.048,129,reviewed,us,us
2022-04-21T19:27:27.252Z,-21.3898,-68.3085,118.3,4.6,mwr,,43,0.958,0.71,us,us6000hfe1,2022-05-04T16:40:06.040Z,"134 km NNE of Calama, Chile",earthquake,5.2,4.8,0.068,21,reviewed,us,us
2022-04-21T18:38:47.210Z,-49.759,124.9263,10,4.5,mb,,102,18.15,0.96,us,us7000h6ig,2022-05-04T16:26:23.040Z,"western Indian-Antarctic Ridge",earthquake,13.7,1.8,0.18,9,reviewed,us,us
2022-04-21T18:14:26.283Z,22.8859,144.0613,35.57,4.7,mb,,130,4.524,0.74,us,us6000hfdl,2022-05-04T16:24:29.040Z,"Volcano Islands, Japan region",earthquake,8.7,6.9,0.05,121,reviewed,us,us
2022-04-21T17:34:07.880Z,46.0812,152.879,10,4.7,mb,,100,7.037,0.71,us,us6000hfd3,2022-05-04T16:22:20.040Z,"Kuril Islands",earthquake,8.5,1.8,0.044,156,reviewed,us,us
2022-04-21T13:19:58.668Z,11.8227,-86.7716,64.11,4.5,mb,,146,0.606,0.88,us,us6000hf9h,2022-05-15T14:32:12.040Z,"28 km W of Masachapa, Nicaragua",earthquake,5.4,6.9,0.053,102,reviewed,us,us
2022-04-21T13:19:45.650Z,12.0647,141.1647,124.1,4.6,mb,,119,3.917,0.82,us,us7000h6i9,2022-05-15T14:26:19.040Z,"263 km NNE of Fais, Micronesia",earthquake,8.9,9,0.129,18,reviewed,us,us
2022-04-21T13:01:10.328Z,46.1562,152.7249,37.06,4.5,mb,,138,6.918,0.97,us,us7000h6i7,2022-05-15T14:18:38.040Z,"Kuril Islands",earthquake,10.4,8.1,0.104,27,reviewed,us,us
2022-04-21T12:38:55.793Z,46.085,152.871,20.71,5,mww,,70,7.031,0.87,us,us6000hf98,2022-05-18T08:21:28.040Z,"Kuril Islands",earthquake,8.6,4,0.086,13,reviewed,us,us
2022-04-21T12:28:03.927Z,2.0099,97.8322,46.28,4.9,mb,,72,0.746,0.79,us,us6000hf95,2022-05-18T05:39:19.040Z,"31 km S of Singkil, Indonesia",earthquake,4.6,5.2,0.071,63,reviewed,us,us
2022-04-21T07:42:46.508Z,11.5537,-86.9604,27,6.6,mww,,94,0.914,0.69,us,us6000hf75,2022-05-08T19:25:59.492Z,"55 km WSW of Masachapa, Nicaragua",earthquake,5,1.8,0.037,70,reviewed,us,us
2022-04-21T06:27:15.005Z,11.6018,57.6959,10,4.5,mb,,71,16.319,0.51,us,us7000h6hp,2022-05-18T09:33:31.040Z,"Owen Fracture Zone region",earthquake,11.9,1.9,0.135,22,reviewed,us,us
2022-04-21T06:20:06.536Z,-42.856,-16.0112,10,5.5,mww,,65,17.656,0.32,us,us6000hf72,2022-05-18T08:42:55.965Z,"southern Mid-Atlantic Ridge",earthquake,10.9,1.9,0.093,11,reviewed,us,us
2022-04-21T06:12:46.336Z,-42.9535,-15.9587,10,5.5,mww,,68,17.61,0.59,us,us6000hf6u,2022-05-14T07:54:19.692Z,"Tristan da Cunha region",earthquake,8.8,1.5,0.089,12,reviewed,us,us
2022-04-21T01:53:24.882Z,-24.8564,179.9708,488.96,4.7,mb,,111,4.773,1.03,us,us6000hf5w,2022-05-03T02:26:27.040Z,"south of the Fiji Islands",earthquake,11.6,6.7,0.053,107,reviewed,us,us
2022-04-20T23:42:45.948Z,12.8221,-90.687,10,4.5,mb,,103,1.39,0.73,us,us6000hf5a,2022-05-07T04:36:44.040Z,"122 km S of Iztapa, Guatemala",earthquake,6.7,1.8,0.056,93,reviewed,us,us
2022-04-20T23:26:48.438Z,8.1316,-82.9351,10,4.7,mb,,62,0.702,0.7,us,us6000hf54,2022-05-07T04:13:02.826Z,"8 km WNW of Limones, Panama",earthquake,5.4,1.8,0.061,83,reviewed,us,us
2022-04-20T22:02:46.636Z,4.0869,126.6063,42.06,5.2,mb,,49,3.134,1,us,us7000h6hc,2022-05-07T00:46:16.040Z,"193 km SE of Sarangani, Philippines",earthquake,7.4,5,0.059,96,reviewed,us,us
2022-04-20T22:00:58.211Z,12.927,144.0256,99.67,4.6,mb,,147,1.052,0.32,us,us7000h6hb,2022-05-07T03:27:47.040Z,"79 km WSW of Merizo Village, Guam",earthquake,14.2,9.5,0.316,3,reviewed,us,us
2022-04-20T21:58:39.370Z,-4.4561,152.0054,149.59,4.8,mb,,89,0.306,0.84,us,us7000h6ha,2022-05-07T00:07:22.040Z,"31 km WSW of Kokopo, Papua New Guinea",earthquake,9.6,5.4,0.125,23,reviewed,us,us
2022-04-20T21:57:43.018Z,6.9686,126.9241,19,6,mww,,22,1.338,0.95,us,us6000hf49,2022-05-06T23:36:20.020Z,"50 km ESE of Manay, Philippines",earthquake,6.4,1.7,0.044,50,reviewed,us,us
2022-04-20T21:43:28.006Z,-56.6362,-25.4944,10,4.6,mb,,103,17.825,0.49,us,us7000h6h5,2022-05-06T05:40:39.040Z,"South Sandwich Islands region",earthquake,14.7,1.9,0.122,20,reviewed,us,us
2022-04-20T20:05:03.662Z,-15.2136,168.0013,10,4.5,mb,,131,0.804,1,us,us6000hf40,2022-05-16T16:51:48.040Z,"96 km ENE of Luganville, Vanuatu",earthquake,3.7,1.8,0.089,37,reviewed,us,us
2022-04-20T19:23:04.809Z,1.6332,-100.8362,10,4.8,mb,,91,15.987,0.97,us,us6000hf3c,2022-05-03T17:08:12.040Z,"Galapagos Triple Junction region",earthquake,9.2,1.8,0.045,155,reviewed,us,us
2022-04-20T19:13:59.291Z,-61.1837,153.8899,10,5.8,mww,,47,18.94,0.7,us,us6000hf2z,2022-05-03T17:06:56.751Z,"Balleny Islands region",earthquake,13.6,1.8,0.069,20,reviewed,us,us
2022-04-20T19:01:50.333Z,19.072,-107.9696,10,4.8,mb,,103,3.221,0.99,us,us6000hf2y,2022-05-03T16:39:55.040Z,"283 km WSW of La Cruz de Loreto, Mexico",earthquake,5.3,1.8,0.03,334,reviewed,us,us
2022-04-20T17:58:17.713Z,-22.7331,170.8794,10,4.9,mb,,122,3.172,1.05,us,us6000hf2i,2022-05-03T14:56:55.040Z,"southeast of the Loyalty Islands",earthquake,10.5,1,0.089,41,reviewed,us,us
2022-04-20T15:16:32.775Z,-19.3953,-172.9871,10,5.1,mww,,71,5.576,1.14,us,us7000h3l1,2022-05-03T23:55:48.526Z,"133 km SE of Neiafu, Tonga",earthquake,9.7,1.8,0.089,12,reviewed,us,us
2022-04-20T14:34:23.507Z,6.9321,126.9425,62.74,4.9,mb,,62,1.36,0.46,us,us7000h3kw,2022-05-18T14:22:01.040Z,"54 km ESE of San Ignacio, Philippines",earthquake,7.7,5.5,0.041,185,reviewed,us,us
2022-04-20T13:19:11.908Z,-27.2485,-66.2996,174.38,4.9,mb,,42,2.556,0.57,us,us7000h3jq,2022-05-18T13:41:43.186Z,"36 km N of Andalgalá, Argentina",earthquake,5,6.2,0.032,310,reviewed,us,us
2022-04-20T11:37:06.254Z,11.5875,143.9901,10,4.6,mb,,125,2.166,0.74,us,us7000h6gp,2022-05-11T05:55:46.040Z,"199 km SSW of Merizo Village, Guam",earthquake,12,1.9,0.173,12,reviewed,us,us
2022-04-20T11:20:24.217Z,2.1561,126.6358,70.62,4.6,mb,,95,1.557,1.02,us,us7000h6gd,2022-05-11T05:41:59.040Z,"159 km WNW of Tobelo, Indonesia",earthquake,7.4,10.8,0.141,15,reviewed,us,us
2022-04-20T11:19:05.569Z,-22.928,-68.2444,102.28,5.7,mww,,33,0.065,0.77,us,us7000h3j0,2022-05-08T06:03:36.450Z,"4 km WSW of San Pedro de Atacama, Chile",earthquake,7.1,3,0.054,33,reviewed,us,us
2022-04-20T11:05:36.432Z,-60.2864,-46.6592,10,5.5,mww,,41,1.053,0.57,us,us7000h3ix,2022-05-08T05:58:01.483Z,"Scotia Sea",earthquake,5.9,1.8,0.073,18,reviewed,us,us
2022-04-20T10:21:48.315Z,-1.8324,122.5521,10,4.7,mb,,56,0.815,0.79,us,us7000h3it,2022-05-08T05:27:29.040Z,"100 km SSW of Luwuk, Indonesia",earthquake,4,1.9,0.129,18,reviewed,us,us
2022-04-20T10:06:36.360Z,-33.7311,-179.427,10,4.9,mb,,83,4.244,0.93,us,us7000h3in,2022-05-08T05:25:15.040Z,"south of the Kermadec Islands",earthquake,10.5,1.2,0.091,38,reviewed,us,us
2022-04-20T09:22:33.231Z,-60.3532,-46.6821,10,5.1,mb,,41,1.036,0.71,us,us7000h3i8,2022-05-08T05:14:47.040Z,"Scotia Sea",earthquake,6.1,1.9,0.082,48,reviewed,us,us
2022-04-20T09:13:40.375Z,6.3478,126.9185,73.18,4.5,mb,,78,1.511,0.8,us,us7000h6gl,2022-05-08T04:58:51.040Z,"Mindanao, Philippines",earthquake,9.7,7.8,0.093,34,reviewed,us,us
2022-04-20T09:07:41.124Z,6.3986,127.0528,47.77,5.3,mww,,61,1.608,0.84,us,us7000h3i1,2022-05-06T05:47:34.040Z,"95 km ESE of Bobon, Philippines",earthquake,5.9,5.6,0.075,17,reviewed,us,us
2022-04-20T08:04:33.269Z,-35.4899,53.4736,10,5.1,mb,,57,10.997,1.01,us,us7000h3hs,2022-05-17T08:29:52.040Z,"Southwest Indian Ridge",earthquake,5.7,1.7,0.063,82,reviewed,us,us
2022-04-20T05:18:24.220Z,29.091,142.4588,25.95,4.7,mb,,55,2.002,1.03,us,us7000h3he,2022-05-17T07:10:09.040Z,"Izu Islands, Japan region",earthquake,7.6,4.1,0.073,57,reviewed,us,us
2022-04-20T05:13:07.537Z,-22.8439,170.8327,10,5.9,mww,,42,3.134,1.24,us,us7000h3h9,2022-05-17T07:04:31.064Z,"southeast of the Loyalty Islands",earthquake,7.7,1.7,0.039,62,reviewed,us,us
2022-04-20T04:49:36.704Z,-15.7234,167.4414,49.07,4.8,mb,,73,0.358,0.64,us,us7000h3h6,2022-05-03T00:57:15.040Z,"37 km SE of Luganville, Vanuatu",earthquake,8.1,4.6,0.107,32,reviewed,us,us
2022-04-20T03:19:20.903Z,-18.7016,-174.1473,47.45,4.6,mb,,69,5.797,0.9,us,us7000h6fx,2022-05-03T00:44:40.040Z,"18 km WSW of Neiafu, Tonga",earthquake,6.3,8.2,0.133,17,reviewed,us,us
2022-04-20T01:28:43.094Z,-20.1785,66.0672,10,4.9,mb,,67,2.571,0.82,us,us7000h3gm,2022-05-06T04:47:13.040Z,"282 km E of Port Mathurin, Mauritius",earthquake,7.7,1.7,0.08,49,reviewed,us,us
2022-04-19T22:44:39.625Z,38.9236,70.5883,10,5.1,mb,,44,1.098,0.58,us,us7000h3fw,2022-05-03T04:47:46.326Z,"21 km ESE of Rasht, Tajikistan",earthquake,4,1.7,0.04,206,reviewed,us,us
2022-04-19T21:38:28.783Z,6.5885,127.2988,10,4.6,mb,,121,1.773,1.14,us,us6000hfml,2022-05-03T02:32:56.040Z,"106 km ESE of Jovellar, Philippines",earthquake,9,1.9,0.114,23,reviewed,us,us
2022-04-19T21:21:17.016Z,4.1599,67.4294,10,4.5,mb,,162,6.287,1.04,us,us6000hfmj,2022-05-03T00:57:29.040Z,"Carlsberg Ridge",earthquake,8.9,1.9,0.156,12,reviewed,us,us
2022-04-19T21:19:59.873Z,3.6598,126.6402,9.68,5.1,mww,,36,2.959,0.95,us,us7000h3ff,2022-05-03T00:41:26.040Z,"232 km SE of Sarangani, Philippines",earthquake,7.1,3.3,0.086,13,reviewed,us,us
2022-04-19T20:49:54.147Z,-58.9758,-25.2485,64.92,4.6,mb,,66,7.775,0.63,us,us6000hfmi,2022-05-18T16:11:05.040Z,"South Sandwich Islands region",earthquake,16,7.1,0.173,12,reviewed,us,us
2022-04-19T20:18:02.447Z,-22.3313,170.3696,10,4.6,mb,,120,2.718,0.96,us,us6000hfmh,2022-05-18T14:40:39.040Z,"271 km ESE of Tadine, New Caledonia",earthquake,4.6,1.8,0.147,16,reviewed,us,us
2022-04-19T19:32:27.438Z,1.8566,-75.8536,28.88,4.6,mb,,76,2.24,0.78,us,us7000h3ef,2022-05-18T14:23:46.479Z,"7 km NE of Acevedo, Colombia",earthquake,7.4,4.8,0.077,52,reviewed,us,us
2022-04-19T19:30:34.621Z,7.0302,126.8459,58.83,4.6,mb,,92,1.257,1,us,us7000h3eg,2022-05-18T14:10:59.040Z,"39 km ESE of Manay, Philippines",earthquake,6.6,6,0.05,125,reviewed,us,us
2022-04-19T18:51:28.663Z,16.8147,-95.1942,98.97,4.5,mb,,82,0.404,0.91,us,us6000hfmg,2022-05-14T19:15:21.040Z,"5 km W of Santo Domingo Petapa, Mexico",earthquake,4.7,6.3,0.054,104,reviewed,us,us
2022-04-19T18:28:24.045Z,7.056,126.9833,38.75,4.9,mb,,41,1.393,0.97,us,us7000h3e3,2022-05-14T16:48:58.040Z,"52 km ESE of Manay, Philippines",earthquake,6.1,5.6,0.042,184,reviewed,us,us
2022-04-19T17:52:00.909Z,6.4124,127.0499,68.63,5,mb,,30,1.6,0.79,us,us7000h3dv,2022-05-13T22:01:32.040Z,"94 km ESE of Bobon, Philippines",earthquake,7.8,5.2,0.046,158,reviewed,us,us
2022-04-19T17:22:14.481Z,1.6338,126.5752,31.42,4.5,mb,,58,1.165,0.71,us,us6000hfmf,2022-05-13T21:25:30.040Z,"129 km NW of Ternate, Indonesia",earthquake,5.8,5.4,0.11,27,reviewed,us,us
2022-04-19T17:10:35.407Z,-25.2518,-177.1707,165.91,4.7,mb,,125,4.049,1.22,us,us6000hfme,2022-05-13T18:59:51.040Z,"south of the Fiji Islands",earthquake,12.9,8.9,0.138,18,reviewed,us,us
2022-04-19T16:57:25.048Z,-57.9427,-25.1284,35.39,4.7,mb,,54,7.331,0.44,us,us7000h3dn,2022-04-25T19:22:28.040Z,"South Sandwich Islands region",earthquake,10.1,6.9,0.108,29,reviewed,us,us
2022-04-19T16:45:57.731Z,-0.4403,-19.8298,10,4.6,mb,,83,9.225,0.59,us,us6000hfmd,2022-04-25T19:18:53.040Z,"central Mid-Atlantic Ridge",earthquake,5.5,1.9,0.105,27,reviewed,us,us
2022-04-19T16:36:30.695Z,7.002,126.7335,77.7,4.6,mb,,93,1.147,0.54,us,us7000h3dm,2022-04-25T14:31:24.040Z,"30 km ESE of San Ignacio, Philippines",earthquake,8.8,6.5,0.064,77,reviewed,us,us
2022-04-19T15:04:17.893Z,-31.2468,-68.527,111.43,4.5,mb,,182,0.326,0.38,us,us7000h3cb,2022-04-19T15:37:56.040Z,"20 km N of San Martín, Argentina",earthquake,10.3,4.5,0.382,3,reviewed,us,us
2022-04-19T14:08:52.984Z,-21.4655,-173.8141,10,4.6,mb,,42,7.76,0.53,us,us6000hfma,2022-04-25T13:46:40.040Z,"118 km E of ‘Ohonua, Tonga",earthquake,5.6,1.9,0.123,23,reviewed,us,us
2022-04-19T12:56:09.903Z,-24.6381,-67.1469,169.69,4.6,mwr,,43,1.926,0.7,us,us7000h3bz,2022-05-17T09:20:31.197Z,"96 km WSW of San Antonio de los Cobres, Argentina",earthquake,7.7,5.3,,,reviewed,us,guc
2022-04-19T12:44:11.128Z,17.9593,-101.8055,35,5,mww,,78,1.765,0.89,us,us7000h3bw,2022-04-26T17:45:27.239Z,"2 km S of La Unión, Mexico",earthquake,6.8,1.9,0.058,29,reviewed,us,us
2022-04-19T11:42:30.141Z,-21.3062,-67.2464,219.13,4.5,mb,,101,1.852,0.48,us,us7000h3bj,2022-04-26T07:22:48.040Z,"103 km SSW of Uyuni, Bolivia",earthquake,7.4,5.4,0.27,4,reviewed,us,us
2022-04-19T09:37:44.578Z,24.7505,-45.9212,10,4.7,mb,,89,17.508,0.46,us,us6000hfm4,2022-05-18T12:56:25.040Z,"northern Mid-Atlantic Ridge",earthquake,10.4,1.8,0.098,32,reviewed,us,us
2022-04-19T07:07:10.343Z,-61.6867,154.5781,10,5.4,mww,,40,7.57,0.7,us,us7000h3ag,2022-05-16T09:22:06.600Z,"Balleny Islands region",earthquake,10.2,1.7,0.098,10,reviewed,us,us
2022-04-19T07:06:06.205Z,25.546,123.409,181.7,4.8,mb,,54,1.133,0.7,us,us7000h3ah,2022-05-16T08:28:40.040Z,"126 km NNE of Yonakuni, Japan",earthquake,7.1,3.3,0.036,244,reviewed,us,us
2022-04-19T06:08:44.036Z,7.2421,127.1533,16.87,4.9,mb,,95,1.571,0.78,us,us7000h39w,2022-04-30T09:45:27.040Z,"64 km E of Santiago, Philippines",earthquake,7.3,3.4,0.044,160,reviewed,us,us
2022-04-19T05:56:27.165Z,7.1182,126.8511,65.01,4.6,mb,,83,1.263,0.59,us,us6000hflx,2022-04-23T12:44:04.040Z,"36 km ESE of Santiago, Philippines",earthquake,7.7,5.5,0.051,117,reviewed,us,us
2022-04-19T05:12:50.426Z,25.9458,128.5527,10.37,4.5,mb,,63,0.921,0.65,us,us6000hfly,2022-04-23T15:16:53.040Z,"80 km ESE of Katsuren-haebaru, Japan",earthquake,5.3,4.5,0.089,37,reviewed,us,us
2022-04-19T04:52:50.982Z,7.1833,127.122,10,4.6,mb,,123,1.535,0.49,us,us6000hfmu,2022-04-25T20:49:42.040Z,"61 km E of Santiago, Philippines",earthquake,8.3,1.5,0.146,14,reviewed,us,us
2022-04-19T04:33:43.299Z,-21.5075,-173.8119,18,5.9,mww,,29,8.251,0.71,us,us7000h393,2022-04-26T23:06:59.351Z,"119 km E of ‘Ohonua, Tonga",earthquake,9.1,1.7,0.098,10,reviewed,us,us
2022-04-19T04:24:33.297Z,7.0881,127.0357,10,5.2,mb,,61,1.445,0.79,us,us7000h390,2022-04-26T05:12:22.040Z,"55 km ESE of Santiago, Philippines",earthquake,7.1,1.7,0.054,111,reviewed,us,us
2022-04-19T04:09:30.348Z,26.0912,128.6512,10,4.6,mb,,78,0.815,0.5,us,us6000hfm3,2022-04-26T04:19:48.040Z,"82 km ESE of Katsuren-haebaru, Japan",earthquake,6.9,1.9,0.122,20,reviewed,us,us
2022-04-19T03:00:04.431Z,7.0707,127.1518,10,4.5,mb,,85,1.56,0.98,us,us6000hflr,2022-04-26T02:42:27.040Z,"68 km ESE of Santiago, Philippines",earthquake,6.8,1.6,0.108,25,reviewed,us,us
2022-04-19T02:26:33.087Z,7.2526,127.094,10,4.6,mb,,75,1.514,0.83,us,us7000h3al,2022-04-26T03:25:49.040Z,"57 km E of Santiago, Philippines",earthquake,5.8,1.8,0.091,36,reviewed,us,us
2022-04-19T02:23:40.440Z,7.2928,127.3042,10,4.5,mb,,85,1.726,0.46,us,us6000hflq,2022-04-26T03:01:35.040Z,"80 km E of Santiago, Philippines",earthquake,8.8,1.9,0.127,22,reviewed,us,us
2022-04-19T02:04:04.370Z,7.1588,127.1236,10,4.5,mb,,102,1.535,0.72,us,us6000hflp,2022-04-26T00:43:55.040Z,"62 km ESE of Santiago, Philippines",earthquake,8.3,1.9,0.121,20,reviewed,us,us
2022-04-19T01:54:54.013Z,7.1921,127.0115,10,4.9,mb,,93,1.426,0.67,us,us6000hflm,2022-04-25T22:52:28.505Z,"49 km ESE of Santiago, Philippines",earthquake,6.1,1.7,0.128,19,reviewed,us,us
2022-04-19T01:43:59.220Z,7.114,127.2093,10,4.7,mb,,126,1.618,0.8,us,us6000hflk,2022-04-25T21:47:46.040Z,"72 km ESE of Santiago, Philippines",earthquake,6.7,1.9,0.174,10,reviewed,us,us
2022-04-19T01:23:07.056Z,7.2857,126.9523,19,6.1,mww,,42,1.379,0.95,us,us7000h373,2022-04-25T21:45:38.431Z,"41 km E of Santiago, Philippines",earthquake,5.8,1.3,0.045,47,reviewed,us,us
2022-04-19T00:20:53.574Z,-10.9376,166.0064,47.53,5.3,mww,,54,4.631,0.73,us,us7000h36v,2022-04-30T04:24:43.040Z,"32 km SE of Lata, Solomon Islands",earthquake,3.4,5,0.089,12,reviewed,us,us
2022-04-18T23:33:34.705Z,-11.267,162.8021,11.5,5.5,mww,,47,3.345,0.73,us,us7000h36n,2022-04-29T05:24:28.095Z,"131 km SE of Kirakira, Solomon Islands",earthquake,5.6,3.6,0.086,13,reviewed,us,us
2022-04-18T23:16:00.171Z,36.9218,140.3121,95.12,5.3,mww,,37,1.731,0.61,us,us7000h36f,2022-04-29T05:19:00.171Z,"17 km N of Daigo, Japan",earthquake,6.3,4.2,0.068,21,reviewed,us,us
2022-04-18T21:56:12.779Z,-8.8714,157.8972,10,5,mb,,32,2.101,0.8,us,us7000h362,2022-05-02T23:21:02.040Z,"143 km SE of Gizo, Solomon Islands",earthquake,8.3,1.8,0.057,100,reviewed,us,us
2022-04-18T21:39:04.985Z,49.3495,153.931,130.16,4.8,mb,,85,4.446,0.59,us,us7000h360,2022-05-02T04:23:15.040Z,"215 km SW of Severo-Kuril’sk, Russia",earthquake,9.6,5.7,0.035,252,reviewed,us,us
2022-04-18T21:00:12.789Z,-32.5734,-177.7962,10,4.7,mb,,182,3.302,0.82,us,us6000hfnt,2022-05-02T02:23:11.040Z,"south of the Kermadec Islands",earthquake,11.6,1.9,0.159,12,reviewed,us,us
2022-04-18T20:30:52.871Z,29.6779,142.212,10,4.9,mb,,115,2.572,0.74,us,us7000h35c,2022-04-22T20:57:36.040Z,"Izu Islands, Japan region",earthquake,7.8,1.8,0.045,157,reviewed,us,us
2022-04-18T20:03:08.505Z,-11.1836,162.8815,10,4.5,mb,,88,3.367,0.76,us,us6000hfnr,2022-04-22T20:48:32.040Z,"132 km SE of Kirakira, Solomon Islands",earthquake,8,1.9,0.151,13,reviewed,us,us
2022-04-18T19:33:08.706Z,-21.7832,170.6969,98.26,4.6,mb,,120,3.123,0.98,us,us7000h34z,2022-04-22T20:41:48.040Z,"288 km SSE of Isangel, Vanuatu",earthquake,10.1,6.2,0.09,38,reviewed,us,us